IATA Code,Airline Name,Year,Month,Month Number,Quarter,Total Fuel Consumed (thousands of gallons),Total Cost of Fuel (dollars),Cost per Gallon (dollars),Total Fuel Consumed (thousands of kg) ,CO2 Emissions (thousands of kg)
AS,Alaska Airlines,2010,January,1,1,"24,643","52,404",2.13,74668.29,235205.1135
AS,Alaska Airlines,2010,February,2,1,"21,984","44,874",2.04,66611.52,209826.288
AS,Alaska Airlines,2010,March,3,1,"25,472","54,353",2.13,77180.16,243117.504
AS,Alaska Airlines,2010,April,4,2,"24,820","55,864",2.25,75204.6,236894.49
AS,Alaska Airlines,2010,May,5,2,"26,440","59,071",2.23,80113.2,252356.58
AS,Alaska Airlines,2010,June,6,2,"28,067","60,222",2.15,85043.01,267885.4815
AS,Alaska Airlines,2010,July,7,3,"29,768","64,424",2.16,90197.04,284120.676
AS,Alaska Airlines,2010,August,8,3,"29,450","64,212",2.18,89233.5,281085.525
AS,Alaska Airlines,2010,September,9,3,"26,026","56,592",2.17,78858.78,248405.157
AS,Alaska Airlines,2010,October,10,4,"26,975","62,344",2.31,81734.25,257462.8875
AS,Alaska Airlines,2010,November,11,4,"26,748","64,255",2.4,81046.44,255296.286
AS,Alaska Airlines,2010,December,12,4,"28,304","70,794",2.5,85761.12,270147.528
AS,Alaska Airlines,2011,January,1,1,"27,771","84,358",3.04,84146.13,265060.3095
AS,Alaska Airlines,2011,February,2,1,"25,779","82,654",3.21,78110.37,246047.6655
AS,Alaska Airlines,2011,March,3,1,"29,371","104,489",3.56,88994.13,280331.5095
AS,Alaska Airlines,2011,April,4,2,"28,572","108,048",3.78,86573.16,272705.454
AS,Alaska Airlines,2011,May,5,2,"28,494","105,784",3.71,86336.82,271960.983
AS,Alaska Airlines,2011,June,6,2,"29,970","106,943",3.57,90809.1,286048.665
AS,Alaska Airlines,2011,July,7,3,"31,319","108,944",3.48,94896.57,298924.1955
AS,Alaska Airlines,2011,August,8,3,"31,165","106,238",3.41,94429.95,297454.3425
AS,Alaska Airlines,2011,September,9,3,"27,906","95,958",3.44,84555.18,266348.817
AS,Alaska Airlines,2011,October,10,4,"28,231","95,632",3.39,85539.93,269450.7795
AS,Alaska Airlines,2011,November,11,4,"28,078","98,930",3.52,85076.34,267990.471
AS,Alaska Airlines,2011,December,12,4,"29,176","99,196",3.4,88403.28,278470.332
AS,Alaska Airlines,2012,January,1,1,"28,549","98,530",3.45,86503.47,272485.9305
AS,Alaska Airlines,2012,February,2,1,"27,214","97,310",3.58,82458.42,259744.023
AS,Alaska Airlines,2012,March,3,1,"30,552","115,140",3.77,92572.56,291603.564
AS,Alaska Airlines,2012,April,4,2,"29,654","110,410",3.72,89851.62,283032.603
AS,Alaska Airlines,2012,May,5,2,"30,950","109,454",3.54,93778.5,295402.275
AS,Alaska Airlines,2012,June,6,2,"32,479","103,003",3.17,98411.37,309995.8155
AS,Alaska Airlines,2012,July,7,3,"33,664","106,575",3.17,102001.92,321306.048
AS,Alaska Airlines,2012,August,8,3,"33,268","114,720",3.45,100802.04,317526.426
AS,Alaska Airlines,2012,September,9,3,"29,291","107,955",3.69,88751.73,279567.9495
AS,Alaska Airlines,2012,October,10,4,"29,853","109,510",3.67,90454.59,284931.9585
AS,Alaska Airlines,2012,November,11,4,"30,066","104,977",3.49,91099.98,286964.937
AS,Alaska Airlines,2012,December,12,4,"31,584","108,043",3.42,95699.52,301453.488
AS,Alaska Airlines,2013,January,1,1,"31,438","109,042",3.47,95257.14,300059.991
AS,Alaska Airlines,2013,February,2,1,"28,273","104,151",3.68,85667.19,269851.6485
AS,Alaska Airlines,2013,March,3,1,"33,116","115,600",3.49,100341.48,316075.662
AS,Alaska Airlines,2013,April,4,2,"32,206","107,204",3.33,97584.18,307390.167
AS,Alaska Airlines,2013,May,5,2,"32,759","103,334",3.15,99259.77,312668.2755
AS,Alaska Airlines,2013,June,6,2,"34,783","108,918",3.13,105392.49,331986.3435
AS,Alaska Airlines,2013,July,7,3,"36,661","117,999",3.22,111082.83,349910.9145
AS,Alaska Airlines,2013,August,8,3,"36,139","119,744",3.31,109501.17,344928.6855
AS,Alaska Airlines,2013,September,9,3,"30,844","105,299",3.41,93457.32,294390.558
AS,Alaska Airlines,2013,October,10,4,"30,991","103,018",3.32,93902.73,295793.5995
AS,Alaska Airlines,2013,November,11,4,"31,780","103,479",3.26,96293.4,303324.21
AS,Alaska Airlines,2013,December,12,4,"32,874","111,433",3.39,99608.22,313765.893
AS,Alaska Airlines,2014,January,1,1,"32,149","108,244",3.37,97411.47,306846.1305
AS,Alaska Airlines,2014,February,2,1,"29,250","98,142",3.36,88627.5,279176.625
AS,Alaska Airlines,2014,March,3,1,"34,142","111,226",3.26,103450.26,325868.319
AS,Alaska Airlines,2014,April,4,2,"32,648","106,516",3.26,98923.44,311608.836
AS,Alaska Airlines,2014,May,5,2,"33,172","111,868",3.37,100511.16,316610.154
AS,Alaska Airlines,2014,June,6,2,"35,451","118,576",3.34,107416.53,338362.0695
AS,Alaska Airlines,2014,July,7,3,"37,515","123,594",3.29,113670.45,358061.9175
AS,Alaska Airlines,2014,August,8,3,"37,274","122,210",3.28,112940.22,355761.693
AS,Alaska Airlines,2014,September,9,3,"32,504","103,876",3.2,98487.12,310234.428
AS,Alaska Airlines,2014,October,10,4,"32,910","97,422",2.96,99717.3,314109.495
AS,Alaska Airlines,2014,November,11,4,"33,536","93,215",2.78,101614.08,320084.352
AS,Alaska Airlines,2014,December,12,4,"35,780","85,652",2.39,108413.4,341502.21
AS,Alaska Airlines,2015,January,1,1,"34,229","67,839",1.98,103713.87,326698.6905
AS,Alaska Airlines,2015,February,2,1,"31,135","60,952",1.96,94339.05,297168.0075
AS,Alaska Airlines,2015,March,3,1,"37,472","75,297",2.01,113540.16,357651.504
AS,Alaska Airlines,2015,April,4,2,"35,804","70,357",1.97,108486.12,341731.278
AS,Alaska Airlines,2015,May,5,2,"36,345","82,137",2.26,110125.35,346894.8525
AS,Alaska Airlines,2015,June,6,2,"37,317","81,527",2.18,113070.51,356172.1065
AS,Alaska Airlines,2015,July,7,3,"39,014","77,909",2,118212.42,372369.123
AS,Alaska Airlines,2015,August,8,3,"39,145","69,240",1.77,118609.35,373619.4525
AS,Alaska Airlines,2015,September,9,3,"34,833","58,512",1.68,105543.99,332463.5685
AS,Alaska Airlines,2015,October,10,4,"36,362","61,172",1.68,110176.86,347057.109
AS,Alaska Airlines,2015,November,11,4,"37,268","66,082",1.77,112922.04,355704.426
AS,Alaska Airlines,2015,December,12,4,"39,148","57,422",1.47,118618.44,373648.086
AS,Alaska Airlines,2016,January,1,1,"37,578","47,052",1.25,113861.34,358663.221
AS,Alaska Airlines,2016,February,2,1,"35,463","42,099",1.19,107452.89,338476.6035
AS,Alaska Airlines,2016,March,3,1,"39,525","50,265",1.27,119760.75,377246.3625
AS,Alaska Airlines,2016,April,4,2,"38,495","51,662",1.34,116639.85,367415.5275
AS,Alaska Airlines,2016,May,5,2,"39,060","57,642",1.48,118351.8,372808.17
AS,Alaska Airlines,2016,June,6,2,"40,232","65,484",1.63,121902.96,383994.324
AS,Alaska Airlines,2016,July,7,3,"41,608","66,055",1.59,126072.24,397127.556
AS,Alaska Airlines,2016,August,8,3,"41,966","62,279",1.48,127156.98,400544.487
AS,Alaska Airlines,2016,September,9,3,"35,596","55,265",1.55,107855.88,339746.022
AS,Alaska Airlines,2016,October,10,4,"36,349","60,204",1.66,110137.47,346933.0305
AS,Alaska Airlines,2016,November,11,4,"37,442","60,821",1.62,113449.26,357365.169
AS,Alaska Airlines,2016,December,12,4,"40,013","67,976",1.7,121239.39,381904.0785
AS,Alaska Airlines,2017,January,1,1,"39,799","69,749",1.75,120590.97,379861.5555
AS,Alaska Airlines,2017,February,2,1,"35,717","63,944",1.79,108222.51,340900.9065
AS,Alaska Airlines,2017,March,3,1,"42,461","74,846",1.76,128656.83,405269.0145
AS,Alaska Airlines,2017,April,4,2,"41,346","73,135",1.77,125278.38,394626.897
AS,Alaska Airlines,2017,May,5,2,"42,395","71,155",1.68,128456.85,404639.0775
AS,Alaska Airlines,2017,June,6,2,"43,388","70,910",1.63,131465.64,414116.766
AS,Alaska Airlines,2017,July,7,3,"45,045","74,745",1.66,136486.35,429932.0025
AS,Alaska Airlines,2017,August,8,3,"44,611","79,305",1.78,135171.33,425789.6895
AS,Alaska Airlines,2017,September,9,3,"39,285","76,548",1.95,119033.55,374955.6825
AS,Alaska Airlines,2017,October,10,4,"40,380","77,879",1.93,122351.4,385406.91
AS,Alaska Airlines,2017,November,11,4,"40,418","81,650",2.02,122466.54,385769.601
AS,Alaska Airlines,2017,December,12,4,"43,090","88,828",2.06,130562.7,411272.505
AS,Alaska Airlines,2018,January,1,1,"57,967","124,581",2.15,175640.01,553266.0315
AS,Alaska Airlines,2018,February,2,1,"53,154","113,155",2.13,161056.62,507328.353
AS,Alaska Airlines,2018,March,3,1,"61,049","129,356",2.12,184978.47,582682.1805
AS,Alaska Airlines,2018,April,4,2,"60,703","135,968",2.24,183930.09,579379.7835
AS,Alaska Airlines,2018,May,5,2,"63,048","150,704",2.39,191035.44,601761.636
AS,Alaska Airlines,2018,June,6,2,"64,146","152,122",2.37,194362.38,612241.497
AS,Alaska Airlines,2018,July,7,3,"66,556","156,863",2.36,201664.68,635243.742
AS,Alaska Airlines,2018,August,8,3,"65,146","153,987",2.36,197392.38,621785.997
AS,Alaska Airlines,2018,September,9,3,"58,678","125,222",2.13,177794.34,560052.171
AS,Alaska Airlines,2018,October,10,4,"59,448","151,177",2.54,180127.44,567401.436
AS,Alaska Airlines,2018,November,11,4,"58,034","141,766",2.44,175843.02,553905.513
AS,Alaska Airlines,2018,December,12,4,"59,598","127,256",2.14,180581.94,568833.111
AS,Alaska Airlines,2019,January,1,1,"57,004","117,146",2.06,172722.12,544074.678
AS,Alaska Airlines,2019,February,2,1,"51,241","110,282",2.15,155260.23,489069.7245
AS,Alaska Airlines,2019,March,3,1,"60,549","134,509",2.22,183463.47,577909.9305
AS,Alaska Airlines,2019,April,4,2,"59,666","137,085",2.3,180787.98,569482.137
AS,Alaska Airlines,2019,May,5,2,"62,738","151,391",2.41,190096.14,598802.841
AS,Alaska Airlines,2019,June,6,2,"64,492","137,488",2.13,195410.76,615543.894
AS,Alaska Airlines,2019,July,7,3,"67,562","146,694",2.17,204712.86,644845.509
AS,Alaska Airlines,2019,August,8,3,"66,517","139,172",2.09,201546.51,634871.5065
AS,Alaska Airlines,2019,September,9,3,"58,678","125,651",2.14,177794.34,560052.171
AS,Alaska Airlines,2019,October,10,4,"60,317","131,739",2.18,182760.51,575695.6065
AS,Alaska Airlines,2019,November,11,4,"58,625","132,691",2.26,177633.75,559546.3125
AS,Alaska Airlines,2019,December,12,4,"62,580","140,166",2.24,189617.4,597294.81
AA,American Airlines,2010,January,1,1,"205,863","458,325",2.23,623764.89,1964859.404
AA,American Airlines,2010,February,2,1,"181,948","387,850",2.13,551302.44,1736602.686
AA,American Airlines,2010,March,3,1,"209,637","453,740",2.16,635200.11,2000880.347
AA,American Airlines,2010,April,4,2,"199,695","461,076",2.31,605075.85,1905988.928
AA,American Airlines,2010,May,5,2,"216,604","502,741",2.32,656310.12,2067376.878
AA,American Airlines,2010,June,6,2,"212,808","468,629",2.2,644808.24,2031145.956
AA,American Airlines,2010,July,7,3,"224,176","484,993",2.16,679253.28,2139647.832
AA,American Airlines,2010,August,8,3,"217,974","469,746",2.16,660461.22,2080452.843
AA,American Airlines,2010,September,9,3,"202,298","430,058",2.13,612962.94,1930833.261
AA,American Airlines,2010,October,10,4,"206,939","473,080",2.29,627025.17,1975129.286
AA,American Airlines,2010,November,11,4,"197,170","461,743",2.34,597425.1,1881889.065
AA,American Airlines,2010,December,12,4,"204,838","494,025",2.41,620659.14,1955076.291
AA,American Airlines,2011,January,1,1,"205,275","523,656",2.55,621983.25,1959247.238
AA,American Airlines,2011,February,2,1,"181,778","476,603",2.62,550787.34,1734980.121
AA,American Airlines,2011,March,3,1,"208,857","587,609",2.81,632836.71,1993435.637
AA,American Airlines,2011,April,4,2,"205,247","617,436",3.01,621898.41,1958979.992
AA,American Airlines,2011,May,5,2,"209,679","651,076",3.11,635327.37,2001281.216
AA,American Airlines,2011,June,6,2,"211,310","624,399",2.95,640269.3,2016848.295
AA,American Airlines,2011,July,7,3,"221,327","664,682",3,670620.81,2112455.552
AA,American Airlines,2011,August,8,3,"213,198","646,420",3.03,645989.94,2034868.311
AA,American Airlines,2011,September,9,3,"199,086","632,790",3.18,603230.58,1900176.327
AA,American Airlines,2011,October,10,4,"202,063","559,650",2.77,612250.89,1928590.304
AA,American Airlines,2011,November,11,4,"186,189","561,003",3.01,564152.67,1777080.911
AA,American Airlines,2011,December,12,4,"197,745","597,859",3.02,599167.35,1887377.153
AA,American Airlines,2012,January,1,1,"197,968","601,034",3.04,599843.04,1889505.576
AA,American Airlines,2012,February,2,1,"187,986","589,873",3.14,569597.58,1794232.377
AA,American Airlines,2012,March,3,1,"205,582","671,744",3.27,622913.46,1962177.399
AA,American Airlines,2012,April,4,2,"193,929","643,439",3.32,587604.87,1850955.341
AA,American Airlines,2012,May,5,2,"205,531","661,050",3.22,622758.93,1961690.63
AA,American Airlines,2012,June,6,2,"203,670","595,645",2.92,617120.1,1943928.315
AA,American Airlines,2012,July,7,3,"215,238","619,477",2.88,652171.14,2054339.091
AA,American Airlines,2012,August,8,3,"210,077","626,495",2.98,636533.31,2005079.927
AA,American Airlines,2012,September,9,3,"192,138","633,499",3.3,582178.14,1833861.141
AA,American Airlines,2012,October,10,4,"196,849","633,581",3.22,596452.47,1878825.281
AA,American Airlines,2012,November,11,4,"191,059","593,057",3.1,578908.77,1823562.626
AA,American Airlines,2012,December,12,4,"205,567","627,258",3.05,622868.01,1962034.232
AA,American Airlines,2013,January,1,1,"201,399","634,580",3.15,610238.97,1922252.756
AA,American Airlines,2013,February,2,1,"182,666","589,434",3.23,553477.98,1743455.637
AA,American Airlines,2013,March,3,1,"207,138","652,680",3.15,627628.14,1977028.641
AA,American Airlines,2013,April,4,2,"199,329","616,212",3.09,603966.87,1902495.641
AA,American Airlines,2013,May,5,2,"209,547","600,266",2.86,634927.41,2000021.342
AA,American Airlines,2013,June,6,2,"213,247","605,792",2.84,646138.41,2035335.992
AA,American Airlines,2013,July,7,3,"223,795","626,843",2.8,678098.85,2136011.378
AA,American Airlines,2013,August,8,3,"220,803","660,989",2.99,669033.09,2107454.234
AA,American Airlines,2013,September,9,3,"196,749","602,925",3.06,596149.47,1877870.831
AA,American Airlines,2013,October,10,4,"204,918","616,594",3.01,620901.54,1955839.851
AA,American Airlines,2013,November,11,4,"193,729","568,622",2.94,586998.87,1849046.441
AA,American Airlines,2013,December,12,4,"206,317","626,337",3.04,625140.51,1969192.607
AA,American Airlines,2014,January,1,1,"206,077","634,441",3.08,624413.31,1966901.927
AA,American Airlines,2014,February,2,1,"183,652","550,425",3,556465.56,1752866.514
AA,American Airlines,2014,March,3,1,"209,855","632,569",3.01,635860.65,2002961.048
AA,American Airlines,2014,April,4,2,"200,508","599,505",2.99,607539.24,1913748.606
AA,American Airlines,2014,May,5,2,"208,808","610,292",2.92,632688.24,1992967.956
AA,American Airlines,2014,June,6,2,"215,103","635,853",2.96,651762.09,2053050.584
AA,American Airlines,2014,July,7,3,"224,811","659,161",2.93,681177.33,2145708.59
AA,American Airlines,2014,August,8,3,"216,675","619,055",2.86,656525.25,2068054.538
AA,American Airlines,2014,September,9,3,"196,109","558,857",2.85,594210.27,1871762.351
AA,American Airlines,2014,October,10,4,"204,483","543,061",2.66,619583.49,1951687.994
AA,American Airlines,2014,November,11,4,"194,081","481,077",2.48,588065.43,1852406.105
AA,American Airlines,2014,December,12,4,"208,753","454,399",2.18,632521.59,1992443.009
AA,American Airlines,2015,January,1,1,"199,656","350,512",1.76,604957.68,1905616.692
AA,American Airlines,2015,February,2,1,"176,675","309,315",1.75,535325.25,1686274.538
AA,American Airlines,2015,March,3,1,"206,367","368,713",1.79,625292.01,1969669.832
AA,American Airlines,2015,April,4,2,"202,910","351,742",1.73,614817.3,1936674.495
AA,American Airlines,2015,May,5,2,"211,741","395,983",1.87,641575.23,2020961.975
AA,American Airlines,2015,June,6,2,"213,706","398,452",1.86,647529.18,2039716.917
AA,American Airlines,2015,July,7,3,"334,042","579,161",1.73,1012147.26,3188263.869
AA,American Airlines,2015,August,8,3,"326,156","517,492",1.59,988252.68,3112995.942
AA,American Airlines,2015,September,9,3,"291,893","432,280",1.48,884435.79,2785972.739
AA,American Airlines,2015,October,10,4,"297,945","440,296",1.48,902773.35,2843736.053
AA,American Airlines,2015,November,11,4,"276,280","400,648",1.45,837128.4,2636954.46
AA,American Airlines,2015,December,12,4,"298,364","397,724",1.33,904042.92,2847735.198
AA,American Airlines,2016,January,1,1,"281,939","316,442",1.12,854275.17,2690966.786
AA,American Airlines,2016,February,2,1,"266,274","280,796",1.05,806810.22,2541452.193
AA,American Airlines,2016,March,3,1,"296,928","331,434",1.12,899691.84,2834029.296
AA,American Airlines,2016,April,4,2,"291,401","349,915",1.2,882945.03,2781276.845
AA,American Airlines,2016,May,5,2,"312,423","406,837",1.3,946641.69,2981921.324
AA,American Airlines,2016,June,6,2,"324,386","459,147",1.42,982889.58,3096102.177
AA,American Airlines,2016,July,7,3,"337,688","476,110",1.41,1023194.64,3223063.116
AA,American Airlines,2016,August,8,3,"325,383","436,353",1.34,985910.49,3105618.044
AA,American Airlines,2016,September,9,3,"287,183","398,242",1.39,870164.49,2741018.144
AA,American Airlines,2016,October,10,4,"292,210","421,665",1.44,885396.3,2788998.345
AA,American Airlines,2016,November,11,4,"268,279","390,678",1.46,812885.37,2560588.916
AA,American Airlines,2016,December,12,4,"294,200","444,100",1.51,891426,2807991.9
AA,American Airlines,2017,January,1,1,"280,608","439,361",1.57,850242.24,2678263.056
AA,American Airlines,2017,February,2,1,"251,239","404,587",1.61,761254.17,2397950.636
AA,American Airlines,2017,March,3,1,"297,276","469,284",1.58,900746.28,2837350.782
AA,American Airlines,2017,April,4,2,"292,610","461,630",1.58,886608.3,2792816.145
AA,American Airlines,2017,May,5,2,"315,974","482,107",1.53,957401.22,3015813.843
AA,American Airlines,2017,June,6,2,"322,973","466,440",1.44,978608.19,3082615.799
AA,American Airlines,2017,July,7,3,"337,620","491,298",1.46,1022988.6,3222414.09
AA,American Airlines,2017,August,8,3,"330,635","518,310",1.57,1001824.05,3155745.758
AA,American Airlines,2017,September,9,3,"275,705","471,586",1.71,835386.15,2631466.373
AA,American Airlines,2017,October,10,4,"299,679","521,436",1.74,908027.37,2860286.216
AA,American Airlines,2017,November,11,4,"267,580","477,839",1.79,810767.4,2553917.31
AA,American Airlines,2017,December,12,4,"296,008","549,826",1.86,896904.24,2825248.356
AA,American Airlines,2018,January,1,1,"283,037","558,826",1.97,857602.11,2701446.647
AA,American Airlines,2018,February,2,1,"261,261","520,561",1.99,791620.83,2493605.615
AA,American Airlines,2018,March,3,1,"297,835","581,609",1.95,902440.05,2842686.158
AA,American Airlines,2018,April,4,2,"297,054","597,283",2.01,900073.62,2835231.903
AA,American Airlines,2018,May,5,2,"318,071","686,209",2.16,963755.13,3035828.66
AA,American Airlines,2018,June,6,2,"326,665","714,233",2.19,989794.95,3117854.093
AA,American Airlines,2018,July,7,3,"340,179","733,757",2.16,1030742.37,3246838.466
AA,American Airlines,2018,August,8,3,"334,372","723,020",2.16,1013147.16,3191413.554
AA,American Airlines,2018,September,9,3,"301,694","665,126",2.2,914132.82,2879518.383
AA,American Airlines,2018,October,10,4,"309,097","707,578",2.29,936563.91,2950176.317
AA,American Airlines,2018,November,11,4,"274,594","597,162",2.17,832019.82,2620862.433
AA,American Airlines,2018,December,12,4,"291,022","559,768",1.92,881796.66,2777659.479
AA,American Airlines,2019,January,1,1,"285,909","526,758",1.84,866304.27,2728858.451
AA,American Airlines,2019,February,2,1,"263,721","505,879",1.92,799074.63,2517085.085
AA,American Airlines,2019,March,3,1,"301,174","594,195",1.97,912557.22,2874555.243
AA,American Airlines,2019,April,4,2,"290,512","588,968",2.03,880251.36,2772791.784
AA,American Airlines,2019,May,5,2,"319,379","659,417",2.06,967718.37,3048312.866
AA,American Airlines,2019,June,6,2,"327,022","635,910",1.94,990876.66,3121261.479
AA,American Airlines,2019,July,7,3,"338,192","657,729",1.94,1024721.76,3227873.544
AA,American Airlines,2019,August,8,3,"337,676","645,386",1.91,1023158.28,3222948.582
AA,American Airlines,2019,September,9,3,"303,236","581,043",1.92,918805.08,2894236.002
AA,American Airlines,2019,October,10,4,"308,305","594,190",1.93,934164.15,2942617.073
AA,American Airlines,2019,November,11,4,"281,097","541,216",1.93,851723.91,2682930.317
AA,American Airlines,2019,December,12,4,"303,666","589,290",1.94,920107.98,2898340.137
DL,Delta Air Lines,2010,January,1,1,"233,552","510,625",2.19,707662.56,2229137.064
DL,Delta Air Lines,2010,February,2,1,"210,858","476,442",2.26,638899.74,2012534.181
DL,Delta Air Lines,2010,March,3,1,"248,486","552,845",2.22,752912.58,2371674.627
DL,Delta Air Lines,2010,April,4,2,"236,572","547,579",2.31,716813.16,2257961.454
DL,Delta Air Lines,2010,May,5,2,"259,529","608,059",2.34,786372.87,2477074.541
DL,Delta Air Lines,2010,June,6,2,"282,618","646,506",2.29,856332.54,2697447.501
DL,Delta Air Lines,2010,July,7,3,"298,024","684,458",2.3,903012.72,2844490.068
DL,Delta Air Lines,2010,August,8,3,"293,799","671,891",2.29,890210.97,2804164.556
DL,Delta Air Lines,2010,September,9,3,"260,327","592,269",2.28,788790.81,2484691.052
DL,Delta Air Lines,2010,October,10,4,"262,845","626,756",2.38,796420.35,2508724.103
DL,Delta Air Lines,2010,November,11,4,"240,632","594,303",2.47,729114.96,2296712.124
DL,Delta Air Lines,2010,December,12,4,"249,743","628,541",2.52,756721.29,2383672.064
DL,Delta Air Lines,2011,January,1,1,"246,956","656,934",2.66,748276.68,2357071.542
DL,Delta Air Lines,2011,February,2,1,"224,327","641,699",2.86,679710.81,2141089.052
DL,Delta Air Lines,2011,March,3,1,"266,496","778,263",2.92,807482.88,2543571.072
DL,Delta Air Lines,2011,April,4,2,"254,589","819,265",3.22,771404.67,2429924.711
DL,Delta Air Lines,2011,May,5,2,"264,262","861,330",3.26,800713.86,2522248.659
DL,Delta Air Lines,2011,June,6,2,"285,281","877,428",3.08,864401.43,2722864.505
DL,Delta Air Lines,2011,July,7,3,"304,300","934,688",3.07,922029,2904391.35
DL,Delta Air Lines,2011,August,8,3,"292,674","890,462",3.04,886802.22,2793426.993
DL,Delta Air Lines,2011,September,9,3,"252,886","766,612",3.03,766244.58,2413670.427
DL,Delta Air Lines,2011,October,10,4,"253,652","757,600",2.99,768565.56,2420981.514
DL,Delta Air Lines,2011,November,11,4,"228,764","648,713",2.84,693154.92,2183437.998
DL,Delta Air Lines,2011,December,12,4,"238,893","697,571",2.92,723845.79,2280114.239
DL,Delta Air Lines,2012,January,1,1,"231,042","734,391",3.18,700057.26,2205180.369
DL,Delta Air Lines,2012,February,2,1,"218,206","708,611",3.25,661164.18,2082667.167
DL,Delta Air Lines,2012,March,3,1,"254,911","849,431",3.33,772380.33,2432998.04
DL,Delta Air Lines,2012,April,4,2,"246,848","845,485",3.43,747949.44,2356040.736
DL,Delta Air Lines,2012,May,5,2,"260,664","886,074",3.4,789811.92,2487907.548
DL,Delta Air Lines,2012,June,6,2,"278,870","944,851",3.39,844976.1,2661674.715
DL,Delta Air Lines,2012,July,7,3,"294,583","939,159",3.19,892586.49,2811647.444
DL,Delta Air Lines,2012,August,8,3,"290,979","919,313",3.16,881666.37,2777249.066
DL,Delta Air Lines,2012,September,9,3,"254,747","754,631",2.96,771883.41,2431432.742
DL,Delta Air Lines,2012,October,10,4,"254,487","853,989",3.36,771095.61,2428951.172
DL,Delta Air Lines,2012,November,11,4,"231,469","729,205",3.15,701351.07,2209255.871
DL,Delta Air Lines,2012,December,12,4,"240,242","772,886",3.22,727933.26,2292989.769
DL,Delta Air Lines,2013,January,1,1,"235,648","751,477",3.19,714013.44,2249142.336
DL,Delta Air Lines,2013,February,2,1,"216,422","692,825",3.2,655758.66,2065639.779
DL,Delta Air Lines,2013,March,3,1,"258,536","846,595",3.27,783364.08,2467596.852
DL,Delta Air Lines,2013,April,4,2,"254,412","797,744",3.14,770868.36,2428235.334
DL,Delta Air Lines,2013,May,5,2,"266,522","788,396",2.96,807561.66,2543819.229
DL,Delta Air Lines,2013,June,6,2,"286,753","872,671",3.04,868861.59,2736914.009
DL,Delta Air Lines,2013,July,7,3,"308,356","904,820",2.93,934318.68,2943103.842
DL,Delta Air Lines,2013,August,8,3,"303,465","892,654",2.94,919498.95,2896421.693
DL,Delta Air Lines,2013,September,9,3,"261,714","768,322",2.94,792993.42,2497929.273
DL,Delta Air Lines,2013,October,10,4,"263,650","787,032",2.99,798859.5,2516407.425
DL,Delta Air Lines,2013,November,11,4,"239,104","733,984",3.07,724485.12,2282128.128
DL,Delta Air Lines,2013,December,12,4,"253,992","774,886",3.05,769595.76,2424226.644
DL,Delta Air Lines,2014,January,1,1,"240,287","718,979",2.99,728069.61,2293419.272
DL,Delta Air Lines,2014,February,2,1,"215,608","641,427",2.97,653292.24,2057870.556
DL,Delta Air Lines,2014,March,3,1,"269,565","814,563",3.02,816781.95,2572863.143
DL,Delta Air Lines,2014,April,4,2,"260,527","753,885",2.89,789396.81,2486599.952
DL,Delta Air Lines,2014,May,5,2,"276,111","807,142",2.92,836616.33,2635341.44
DL,Delta Air Lines,2014,June,6,2,"298,228","859,291",2.88,903630.84,2846437.146
DL,Delta Air Lines,2014,July,7,3,"311,813","897,272",2.88,944793.39,2976099.179
DL,Delta Air Lines,2014,August,8,3,"313,390","914,656",2.92,949571.7,2991150.855
DL,Delta Air Lines,2014,September,9,3,"278,151","784,496",2.82,842797.53,2654812.22
DL,Delta Air Lines,2014,October,10,4,"275,703","741,416",2.69,835380.09,2631447.284
DL,Delta Air Lines,2014,November,11,4,"248,316","677,668",2.73,752397.48,2370052.062
DL,Delta Air Lines,2014,December,12,4,"259,833","651,454",2.51,787293.99,2479976.069
DL,Delta Air Lines,2015,January,1,1,"254,534","636,276",2.5,771238.02,2429399.763
DL,Delta Air Lines,2015,February,2,1,"230,558","1,020,494",4.43,698590.74,2200560.831
DL,Delta Air Lines,2015,March,3,1,"280,482","740,812",2.64,849860.46,2677060.449
DL,Delta Air Lines,2015,April,4,2,"275,070","682,504",2.48,833462.1,2625405.615
DL,Delta Air Lines,2015,May,5,2,"291,981","723,972",2.48,884702.43,2786812.655
DL,Delta Air Lines,2015,June,6,2,"308,657","759,994",2.46,935230.71,2945976.737
DL,Delta Air Lines,2015,July,7,3,"327,699","636,656",1.94,992927.97,3127723.106
DL,Delta Air Lines,2015,August,8,3,"328,696","601,141",1.83,995948.88,3137238.972
DL,Delta Air Lines,2015,September,9,3,"281,681","474,164",1.68,853493.43,2688504.305
DL,Delta Air Lines,2015,October,10,4,"275,114","564,773",2.05,833595.42,2625825.573
DL,Delta Air Lines,2015,November,11,4,"250,336","459,208",1.83,758518.08,2389331.952
DL,Delta Air Lines,2015,December,12,4,"263,737","486,070",1.84,799123.11,2517237.797
DL,Delta Air Lines,2016,January,1,1,"257,939","350,819",1.36,781555.17,2461898.786
DL,Delta Air Lines,2016,February,2,1,"242,512","324,988",1.34,734811.36,2314655.784
DL,Delta Air Lines,2016,March,3,1,"279,293","385,211",1.38,846257.79,2665712.039
DL,Delta Air Lines,2016,April,4,2,"277,606","425,697",1.53,841146.18,2649610.467
DL,Delta Air Lines,2016,May,5,2,"298,189","449,216",1.51,903512.67,2846064.911
DL,Delta Air Lines,2016,June,6,2,"312,028","958,080",3.07,945444.84,2978151.246
DL,Delta Air Lines,2016,July,7,3,"332,569","490,912",1.48,1007684.07,3174204.821
DL,Delta Air Lines,2016,August,8,3,"324,157","499,006",1.54,982195.71,3093916.487
DL,Delta Air Lines,2016,September,9,3,"282,495","401,519",1.42,855959.85,2696273.528
DL,Delta Air Lines,2016,October,10,4,"276,152","471,408",1.71,836740.56,2635732.764
DL,Delta Air Lines,2016,November,11,4,"244,465","381,740",1.56,740728.95,2333296.193
DL,Delta Air Lines,2016,December,12,4,"264,523","430,648",1.63,801504.69,2524739.774
DL,Delta Air Lines,2017,January,1,1,"256,234","426,426",1.66,776389.02,2445625.413
DL,Delta Air Lines,2017,February,2,1,"230,834","414,572",1.8,699427.02,2203195.113
DL,Delta Air Lines,2017,March,3,1,"280,420","469,378",1.67,849672.6,2676468.69
DL,Delta Air Lines,2017,April,4,2,"274,527","463,883",1.69,831816.81,2620222.952
DL,Delta Air Lines,2017,May,5,2,"296,758","502,796",1.69,899176.74,2832406.731
DL,Delta Air Lines,2017,June,6,2,"320,167","523,552",1.64,970106.01,3055833.932
DL,Delta Air Lines,2017,July,7,3,"334,935","556,006",1.66,1014853.05,3196787.108
DL,Delta Air Lines,2017,August,8,3,"334,125","532,782",1.59,1012398.75,3189056.063
DL,Delta Air Lines,2017,September,9,3,"281,686","493,778",1.75,853508.58,2688552.027
DL,Delta Air Lines,2017,October,10,4,"287,687","545,451",1.9,871691.61,2745828.572
DL,Delta Air Lines,2017,November,11,4,"252,204","487,145",1.93,764178.12,2407161.078
DL,Delta Air Lines,2017,December,12,4,"265,553","521,071",1.96,804625.59,2534570.609
DL,Delta Air Lines,2018,January,1,1,"262,747","541,579",2.06,796123.41,2507788.742
DL,Delta Air Lines,2018,February,2,1,"241,561","494,422",2.05,731929.83,2305578.965
DL,Delta Air Lines,2018,March,3,1,"289,572","548,904",1.9,877403.16,2763819.954
DL,Delta Air Lines,2018,April,4,2,"283,856","617,142",2.17,860083.68,2709263.592
DL,Delta Air Lines,2018,May,5,2,"306,453","647,110",2.11,928552.59,2924940.659
DL,Delta Air Lines,2018,June,6,2,"324,222","701,843",2.16,982392.66,3094536.879
DL,Delta Air Lines,2018,July,7,3,"342,581","771,945",2.25,1038020.43,3269764.355
DL,Delta Air Lines,2018,August,8,3,"343,305","747,880",2.18,1040214.15,3276674.573
DL,Delta Air Lines,2018,September,9,3,"292,040","651,890",2.23,884881.2,2787375.78
DL,Delta Air Lines,2018,October,10,4,"290,206","707,599",2.44,879324.18,2769871.167
DL,Delta Air Lines,2018,November,11,4,"260,650","641,228",2.46,789769.5,2487773.925
DL,Delta Air Lines,2018,December,12,4,"273,409","669,268",2.45,828429.27,2609552.201
DL,Delta Air Lines,2019,January,1,1,"271,478","556,608",2.05,822578.34,2591121.771
DL,Delta Air Lines,2019,February,2,1,"245,597","506,214",2.06,744158.91,2344100.567
DL,Delta Air Lines,2019,March,3,1,"296,991","601,890",2.03,899882.73,2834630.6
DL,Delta Air Lines,2019,April,4,2,"293,913","593,007",2.02,890556.39,2805252.629
DL,Delta Air Lines,2019,May,5,2,"316,512","650,199",2.05,959031.36,3020948.784
DL,Delta Air Lines,2019,June,6,2,"334,776","708,826",2.12,1014371.28,3195269.532
DL,Delta Air Lines,2019,July,7,3,"349,977","684,959",1.96,1060430.31,3340355.477
DL,Delta Air Lines,2019,August,8,3,"349,985","665,819",1.9,1060454.55,3340431.833
DL,Delta Air Lines,2019,September,9,3,"302,352","598,294",1.98,916126.56,2885798.664
DL,Delta Air Lines,2019,October,10,4,"302,961","577,723",1.91,917971.83,2891611.265
DL,Delta Air Lines,2019,November,11,4,"265,476","529,105",1.99,804392.28,2533835.682
DL,Delta Air Lines,2019,December,12,4,"284,841","579,524",2.03,863068.23,2718664.925
F9,Frontier Airlines,2010,January,1,1,"13,712","29,497",2.15,41547.36,130874.184
F9,Frontier Airlines,2010,February,2,1,"12,462","25,837",2.07,37759.86,118943.559
F9,Frontier Airlines,2010,March,3,1,"14,235","30,902",2.17,43132.05,135865.9575
F9,Frontier Airlines,2010,April,4,2,"14,254","32,560",2.28,43189.62,136047.303
F9,Frontier Airlines,2010,May,5,2,"15,298","34,458",2.25,46352.94,146011.761
F9,Frontier Airlines,2010,June,6,2,"20,383","38,854",1.91,61760.49,194545.5435
F9,Frontier Airlines,2010,July,7,3,"21,120","52,863",2.5,63993.6,201579.84
F9,Frontier Airlines,2010,August,8,3,"20,913","45,238",2.16,63366.39,199604.1285
F9,Frontier Airlines,2010,September,9,3,"18,690","40,378",2.16,56630.7,178386.705
F9,Frontier Airlines,2010,October,10,4,"18,561","42,695",2.3,56239.83,177155.4645
F9,Frontier Airlines,2010,November,11,4,"17,577","46,241",2.63,53258.31,167763.6765
F9,Frontier Airlines,2010,December,12,4,"18,076","47,330",2.62,54770.28,172526.382
F9,Frontier Airlines,2011,January,1,1,"17,889","49,433",2.76,54203.67,170741.5605
F9,Frontier Airlines,2011,February,2,1,"16,488","49,059",2.98,49958.64,157369.716
F9,Frontier Airlines,2011,March,3,1,"19,000","58,687",3.09,57570,181345.5
F9,Frontier Airlines,2011,April,4,2,"18,568","59,828",3.22,56261.04,177222.276
F9,Frontier Airlines,2011,May,5,2,"19,047","62,036",3.26,57712.41,181794.0915
F9,Frontier Airlines,2011,June,6,2,"19,676","65,270",3.32,59618.28,187797.582
F9,Frontier Airlines,2011,July,7,3,"15,071","48,567",3.22,45665.13,143845.1595
F9,Frontier Airlines,2011,August,8,3,"14,970","47,450",3.17,45359.1,142881.165
F9,Frontier Airlines,2011,September,9,3,"13,203","41,546",3.15,40005.09,126016.0335
F9,Frontier Airlines,2011,October,10,4,"13,109","41,896",3.2,39720.27,125118.8505
F9,Frontier Airlines,2011,November,11,4,"12,760","40,970",3.21,38662.8,121787.82
F9,Frontier Airlines,2011,December,12,4,"13,362","41,270",3.09,40486.86,127533.609
F9,Frontier Airlines,2012,January,1,1,"12,397","40,047",3.23,37562.91,118323.1665
F9,Frontier Airlines,2012,February,2,1,"11,964","41,369",3.46,36250.92,114190.398
F9,Frontier Airlines,2012,March,3,1,"13,500","46,817",3.47,40905,128850.75
F9,Frontier Airlines,2012,April,4,2,"12,803","44,090",3.44,38793.09,122198.2335
F9,Frontier Airlines,2012,May,5,2,"13,078","42,283",3.23,39626.34,124822.971
F9,Frontier Airlines,2012,June,6,2,"14,188","43,315",3.05,42989.64,135417.366
F9,Frontier Airlines,2012,July,7,3,"14,663","46,866",3.2,44428.89,139951.0035
F9,Frontier Airlines,2012,August,8,3,"13,890","45,634",3.29,42086.7,132573.105
F9,Frontier Airlines,2012,September,9,3,"11,758","40,599",3.45,35626.74,112224.231
F9,Frontier Airlines,2012,October,10,4,"12,215","39,430",3.23,37011.45,116586.0675
F9,Frontier Airlines,2012,November,11,4,"11,838","36,103",3.05,35869.14,112987.791
F9,Frontier Airlines,2012,December,12,4,"12,605","38,185",3.03,38193.15,120308.4225
F9,Frontier Airlines,2013,January,1,1,"11,773","36,831",3.13,35672.19,112367.3985
F9,Frontier Airlines,2013,February,2,1,"10,664","35,223",3.3,32311.92,101782.548
F9,Frontier Airlines,2013,March,3,1,"11,992","36,970",3.08,36335.76,114457.644
F9,Frontier Airlines,2013,April,4,2,"11,440","33,948",2.97,34663.2,109189.08
F9,Frontier Airlines,2013,May,5,2,"12,186","34,092",2.8,36923.58,116309.277
F9,Frontier Airlines,2013,June,6,2,"12,655","35,951",2.84,38344.65,120785.6475
F9,Frontier Airlines,2013,July,7,3,"13,277","38,632",2.91,40229.31,126722.3265
F9,Frontier Airlines,2013,August,8,3,"12,912","38,672",2.99,39123.36,123238.584
F9,Frontier Airlines,2013,September,9,3,"11,640","35,328",3.03,35269.2,111097.98
F9,Frontier Airlines,2013,October,10,4,"11,515","34,174",2.97,34890.45,109904.9175
F9,Frontier Airlines,2013,November,11,4,"11,516","33,671",2.92,34893.48,109914.462
F9,Frontier Airlines,2013,December,12,4,"12,471","37,662",3.02,37787.13,119029.4595
F9,Frontier Airlines,2014,January,1,1,"11,649","34,983",3,35296.47,111183.8805
F9,Frontier Airlines,2014,February,2,1,"10,983","33,375",3.04,33278.49,104827.2435
F9,Frontier Airlines,2014,March,3,1,"12,691","41,761",3.29,38453.73,121129.2495
F9,Frontier Airlines,2014,April,4,2,"12,016","38,432",3.2,36408.48,114686.712
F9,Frontier Airlines,2014,May,5,2,"13,542","43,831",3.24,41032.26,129251.619
F9,Frontier Airlines,2014,June,6,2,"14,668","46,893",3.2,44444.04,139998.726
F9,Frontier Airlines,2014,July,7,3,"15,662","49,534",3.16,47455.86,149485.959
F9,Frontier Airlines,2014,August,8,3,"15,051","47,669",3.17,45604.53,143654.2695
F9,Frontier Airlines,2014,September,9,3,"14,027","43,490",3.1,42501.81,133880.7015
F9,Frontier Airlines,2014,October,10,4,"14,377","41,248",2.87,43562.31,137221.2765
F9,Frontier Airlines,2014,November,11,4,"14,202","38,149",2.69,43032.06,135550.989
F9,Frontier Airlines,2014,December,12,4,"15,016","34,510",2.3,45498.48,143320.212
F9,Frontier Airlines,2015,January,1,1,"14,877","27,651",1.86,45077.31,141993.5265
F9,Frontier Airlines,2015,February,2,1,"13,297","25,052",1.88,40289.91,126913.2165
F9,Frontier Airlines,2015,March,3,1,"15,305","30,595",2,46374.15,146078.5725
F9,Frontier Airlines,2015,April,4,2,"15,170","28,899",1.9,45965.1,144790.065
F9,Frontier Airlines,2015,May,5,2,"16,754","34,888",2.08,50764.62,159908.553
F9,Frontier Airlines,2015,June,6,2,"16,671","31,340",1.88,50513.13,159116.3595
F9,Frontier Airlines,2015,July,7,3,"17,104","32,462",1.9,51825.12,163249.128
F9,Frontier Airlines,2015,August,8,3,"16,846","28,960",1.72,51043.38,160786.647
F9,Frontier Airlines,2015,September,9,3,"15,951","22,470",1.41,48331.53,152244.3195
F9,Frontier Airlines,2015,October,10,4,"16,900","23,955",1.42,51207,161302.05
F9,Frontier Airlines,2015,November,11,4,"17,340","24,259",1.4,52540.2,165501.63
F9,Frontier Airlines,2015,December,12,4,"17,971","21,836",1.22,54452.13,171524.2095
F9,Frontier Airlines,2016,January,1,1,"16,090","16,379",1.02,48752.7,153571.005
F9,Frontier Airlines,2016,February,2,1,"15,129","14,841",0.98,45840.87,144398.7405
F9,Frontier Airlines,2016,March,3,1,"16,323","17,564",1.08,49458.69,155794.8735
F9,Frontier Airlines,2016,April,4,2,"15,999","18,692",1.17,48476.97,152702.4555
F9,Frontier Airlines,2016,May,5,2,"17,171","22,417",1.31,52028.13,163888.6095
F9,Frontier Airlines,2016,June,6,2,"18,086","25,533",1.41,54800.58,172621.827
F9,Frontier Airlines,2016,July,7,3,"20,523","28,848",1.41,62184.69,195881.7735
F9,Frontier Airlines,2016,August,8,3,"20,001","25,321",1.27,60603.03,190899.5445
F9,Frontier Airlines,2016,September,9,3,"19,196","26,120",1.36,58163.88,183216.222
F9,Frontier Airlines,2016,October,10,4,"19,272","27,707",1.44,58394.16,183941.604
F9,Frontier Airlines,2016,November,11,4,"18,590","26,067",1.4,56327.7,177432.255
F9,Frontier Airlines,2016,December,12,4,"18,877","28,227",1.5,57197.31,180171.5265
F9,Frontier Airlines,2017,January,1,1,"18,867","29,532",1.57,57167.01,180076.0815
F9,Frontier Airlines,2017,February,2,1,"16,527","26,047",1.58,50076.81,157741.9515
F9,Frontier Airlines,2017,March,3,1,"18,790","28,766",1.53,56933.7,179341.155
F9,Frontier Airlines,2017,April,4,2,"18,652","28,619",1.53,56515.56,178024.014
F9,Frontier Airlines,2017,May,5,2,"20,112","29,205",1.45,60939.36,191958.984
F9,Frontier Airlines,2017,June,6,2,"20,724","28,633",1.38,62793.72,197800.218
F9,Frontier Airlines,2017,July,7,3,"22,293","31,190",1.4,67547.79,212775.5385
F9,Frontier Airlines,2017,August,8,3,"21,546","33,610",1.56,65284.38,205645.797
F9,Frontier Airlines,2017,September,9,3,"19,608","34,493",1.76,59412.24,187148.556
F9,Frontier Airlines,2017,October,10,4,"21,505","37,086",1.72,65160.15,205254.4725
F9,Frontier Airlines,2017,November,11,4,"21,040","37,425",1.78,63751.2,200816.28
F9,Frontier Airlines,2017,December,12,4,"22,204","41,294",1.86,67278.12,211926.078
F9,Frontier Airlines,2018,January,1,1,"22,206","43,580",1.96,67284.18,211945.167
F9,Frontier Airlines,2018,February,2,1,"20,162","39,357",1.95,61090.86,192436.209
F9,Frontier Airlines,2018,March,3,1,"21,438","40,487",1.89,64957.14,204614.991
F9,Frontier Airlines,2018,April,4,2,"21,089","42,491",2.01,63899.67,201283.9605
F9,Frontier Airlines,2018,May,5,2,"22,315","48,951",2.19,67614.45,212985.5175
F9,Frontier Airlines,2018,June,6,2,"22,097","47,480",2.15,66953.91,210904.8165
F9,Frontier Airlines,2018,July,7,3,"22,420","43,221",1.93,67932.6,213987.69
F9,Frontier Airlines,2018,August,8,3,"22,890","48,868",2.13,69356.7,218473.605
F9,Frontier Airlines,2018,September,9,3,"21,151","45,982",2.17,64087.53,201875.7195
F9,Frontier Airlines,2018,October,10,4,"21,817","50,061",2.29,66105.51,208232.3565
F9,Frontier Airlines,2018,November,11,4,"21,313","45,350",2.13,64578.39,203421.9285
F9,Frontier Airlines,2018,December,12,4,"22,195","38,654",1.74,67250.85,211840.1775
F9,Frontier Airlines,2019,January,1,1,"21,842","37,663",1.72,66181.26,208470.969
F9,Frontier Airlines,2019,February,2,1,"20,083","39,459",1.96,60851.49,191682.1935
F9,Frontier Airlines,2019,March,3,1,"22,140","42,894",1.94,67084.2,211315.23
F9,Frontier Airlines,2019,April,4,2,"21,623","42,764",1.98,65517.69,206380.7235
F9,Frontier Airlines,2019,May,5,2,"24,592","46,690",1.9,74513.76,234718.344
F9,Frontier Airlines,2019,June,6,2,"24,596","44,642",1.81,74525.88,234756.522
F9,Frontier Airlines,2019,July,7,3,"26,677","50,399",1.89,80831.31,254618.6265
F9,Frontier Airlines,2019,August,8,3,"26,033","47,370",1.82,78879.99,248471.9685
F9,Frontier Airlines,2019,September,9,3,"24,189","45,457",1.88,73292.67,230871.9105
F9,Frontier Airlines,2019,October,10,4,"25,880","49,865",1.93,78416.4,247011.66
F9,Frontier Airlines,2019,November,11,4,"25,263","47,574",1.88,76546.89,241122.7035
F9,Frontier Airlines,2019,December,12,4,"25,593","48,743",1.9,77546.79,244272.3885
HA,Hawaiian Airlines,2010,January,1,1,"11,501","23,971",2.08,34848.03,109771.2945
HA,Hawaiian Airlines,2010,February,2,1,"10,014","20,512",2.05,30342.42,95578.623
HA,Hawaiian Airlines,2010,March,3,1,"10,935","22,535",2.06,33133.05,104369.1075
HA,Hawaiian Airlines,2010,April,4,2,"10,879","23,852",2.19,32963.37,103834.6155
HA,Hawaiian Airlines,2010,May,5,2,"11,205","25,159",2.25,33951.15,106946.1225
HA,Hawaiian Airlines,2010,June,6,2,"11,974","25,846",2.16,36281.22,114285.843
HA,Hawaiian Airlines,2010,July,7,3,"13,110","28,173",2.15,39723.3,125128.395
HA,Hawaiian Airlines,2010,August,8,3,"13,047","27,931",2.14,39532.41,124527.0915
HA,Hawaiian Airlines,2010,September,9,3,"11,212","24,191",2.16,33972.36,107012.934
HA,Hawaiian Airlines,2010,October,10,4,"11,587","25,917",2.24,35108.61,110592.1215
HA,Hawaiian Airlines,2010,November,11,4,"11,574","27,102",2.34,35069.22,110468.043
HA,Hawaiian Airlines,2010,December,12,4,"13,292","32,510",2.45,40274.76,126865.494
HA,Hawaiian Airlines,2011,January,1,1,"13,113","33,539",2.56,39732.39,125157.0285
HA,Hawaiian Airlines,2011,February,2,1,"11,863","32,439",2.73,35944.89,113226.4035
HA,Hawaiian Airlines,2011,March,3,1,"13,200","39,270",2.97,39996,125987.4
HA,Hawaiian Airlines,2011,April,4,2,"12,883","41,586",3.23,39035.49,122961.7935
HA,Hawaiian Airlines,2011,May,5,2,"13,852","45,892",3.31,41971.56,132210.414
HA,Hawaiian Airlines,2011,June,6,2,"13,682","42,923",3.14,41456.46,130587.849
HA,Hawaiian Airlines,2011,July,7,3,"14,692","45,473",3.1,44516.76,140227.794
HA,Hawaiian Airlines,2011,August,8,3,"14,692","44,965",3.06,44516.76,140227.794
HA,Hawaiian Airlines,2011,September,9,3,"13,395","40,984",3.06,40586.85,127848.5775
HA,Hawaiian Airlines,2011,October,10,4,"13,764","41,107",2.99,41704.92,131370.498
HA,Hawaiian Airlines,2011,November,11,4,"13,796","42,747",3.1,41801.88,131675.922
HA,Hawaiian Airlines,2011,December,12,4,"14,466","43,838",3.03,43831.98,138070.737
HA,Hawaiian Airlines,2012,January,1,1,"14,584","44,314",3.04,44189.52,139196.988
HA,Hawaiian Airlines,2012,February,2,1,"13,464","42,085",3.13,40795.92,128507.148
HA,Hawaiian Airlines,2012,March,3,1,"14,990","49,486",3.3,45419.7,143072.055
HA,Hawaiian Airlines,2012,April,4,2,"14,592","48,090",3.3,44213.76,139273.344
HA,Hawaiian Airlines,2012,May,5,2,"15,778","49,696",3.15,47807.34,150593.121
HA,Hawaiian Airlines,2012,June,6,2,"16,867","47,935",2.84,51107.01,160987.0815
HA,Hawaiian Airlines,2012,July,7,3,"18,444","50,696",2.75,55885.32,176038.758
HA,Hawaiian Airlines,2012,August,8,3,"18,536","54,514",2.94,56164.08,176916.852
HA,Hawaiian Airlines,2012,September,9,3,"17,345","54,954",3.17,52555.35,165549.3525
HA,Hawaiian Airlines,2012,October,10,4,"18,021","57,881",3.21,54603.63,172001.4345
HA,Hawaiian Airlines,2012,November,11,4,"17,611","55,137",3.13,53361.33,168088.1895
HA,Hawaiian Airlines,2012,December,12,4,"18,698","57,046",3.05,56654.94,178463.061
HA,Hawaiian Airlines,2013,January,1,1,"18,197","55,662",3.06,55136.91,173681.2665
HA,Hawaiian Airlines,2013,February,2,1,"16,585","53,090",3.2,50252.55,158295.5325
HA,Hawaiian Airlines,2013,March,3,1,"19,026","60,665",3.19,57648.78,181593.657
HA,Hawaiian Airlines,2013,April,4,2,"18,161","54,846",3.02,55027.83,173337.6645
HA,Hawaiian Airlines,2013,May,5,2,"19,069","54,646",2.87,57779.07,182004.0705
HA,Hawaiian Airlines,2013,June,6,2,"19,147","54,260",2.83,58015.41,182748.5415
HA,Hawaiian Airlines,2013,July,7,3,"20,657","60,116",2.91,62590.71,197160.7365
HA,Hawaiian Airlines,2013,August,8,3,"19,828","59,297",2.99,60078.84,189248.346
HA,Hawaiian Airlines,2013,September,9,3,"18,600","56,960",3.06,56358,177527.7
HA,Hawaiian Airlines,2013,October,10,4,"18,799","56,571",3.01,56960.97,179427.0555
HA,Hawaiian Airlines,2013,November,11,4,"18,258","54,495",2.98,55321.74,174263.481
HA,Hawaiian Airlines,2013,December,12,4,"19,256","58,375",3.03,58345.68,183788.892
HA,Hawaiian Airlines,2014,January,1,1,"19,031","58,342",3.07,57663.93,181641.3795
HA,Hawaiian Airlines,2014,February,2,1,"17,089","51,120",2.99,51779.67,163105.9605
HA,Hawaiian Airlines,2014,March,3,1,"18,813","56,121",2.98,57003.39,179560.6785
HA,Hawaiian Airlines,2014,April,4,2,"17,936","52,882",2.95,54346.08,171190.152
HA,Hawaiian Airlines,2014,May,5,2,"19,318","57,749",2.99,58533.54,184380.651
HA,Hawaiian Airlines,2014,June,6,2,"19,570","57,999",2.96,59297.1,186785.865
HA,Hawaiian Airlines,2014,July,7,3,"20,745","61,466",2.96,62857.35,198000.6525
HA,Hawaiian Airlines,2014,August,8,3,"20,645","60,408",2.93,62554.35,197046.2025
HA,Hawaiian Airlines,2014,September,9,3,"18,676","53,553",2.87,56588.28,178253.082
HA,Hawaiian Airlines,2014,October,10,4,"18,969","51,350",2.71,57476.07,181049.6205
HA,Hawaiian Airlines,2014,November,11,4,"18,701","47,525",2.54,56664.03,178491.6945
HA,Hawaiian Airlines,2014,December,12,4,"19,981","45,952",2.3,60542.43,190708.6545
HA,Hawaiian Airlines,2015,January,1,1,"19,733","38,115",1.93,59790.99,188341.6185
HA,Hawaiian Airlines,2015,February,2,1,"17,712","31,694",1.79,53667.36,169052.184
HA,Hawaiian Airlines,2015,March,3,1,"19,272","36,606",1.9,58394.16,183941.604
HA,Hawaiian Airlines,2015,April,4,2,"18,208","31,635",1.74,55170.24,173786.256
HA,Hawaiian Airlines,2015,May,5,2,"19,512","37,502",1.92,59121.36,186232.284
HA,Hawaiian Airlines,2015,June,6,2,"20,005","38,212",1.91,60615.15,190937.7225
HA,Hawaiian Airlines,2015,July,7,3,"21,077","37,592",1.78,63863.31,201169.4265
HA,Hawaiian Airlines,2015,August,8,3,"21,083","34,437",1.63,63881.49,201226.6935
HA,Hawaiian Airlines,2015,September,9,3,"18,945","29,381",1.55,57403.35,180820.5525
HA,Hawaiian Airlines,2015,October,10,4,"19,344","29,696",1.54,58612.32,184628.808
HA,Hawaiian Airlines,2015,November,11,4,"18,645","27,562",1.48,56494.35,177957.2025
HA,Hawaiian Airlines,2015,December,12,4,"19,863","26,962",1.36,60184.89,189582.4035
HA,Hawaiian Airlines,2016,January,1,1,"19,941","23,205",1.16,60421.23,190326.8745
HA,Hawaiian Airlines,2016,February,2,1,"18,181","20,030",1.1,55088.43,173528.5545
HA,Hawaiian Airlines,2016,March,3,1,"19,708","23,027",1.17,59715.24,188103.006
HA,Hawaiian Airlines,2016,April,4,2,"18,933","23,224",1.23,57366.99,180706.0185
HA,Hawaiian Airlines,2016,May,5,2,"19,669","26,367",1.34,59597.07,187730.7705
HA,Hawaiian Airlines,2016,June,6,2,"21,096","30,957",1.47,63920.88,201350.772
HA,Hawaiian Airlines,2016,July,7,3,"22,419","32,228",1.44,67929.57,213978.1455
HA,Hawaiian Airlines,2016,August,8,3,"22,331","29,981",1.34,67662.93,213138.2295
HA,Hawaiian Airlines,2016,September,9,3,"20,077","28,050",1.4,60833.31,191624.9265
HA,Hawaiian Airlines,2016,October,10,4,"20,340","29,931",1.47,61630.2,194135.13
HA,Hawaiian Airlines,2016,November,11,4,"19,528","28,522",1.46,59169.84,186384.996
HA,Hawaiian Airlines,2016,December,12,4,"21,593","33,032",1.53,65426.79,206094.3885
HA,Hawaiian Airlines,2017,January,1,1,"21,489","34,700",1.61,65111.67,205101.7605
HA,Hawaiian Airlines,2017,February,2,1,"18,921","30,774",1.63,57330.63,180591.4845
HA,Hawaiian Airlines,2017,March,3,1,"21,308","33,935",1.59,64563.24,203374.206
HA,Hawaiian Airlines,2017,April,4,2,"20,593","32,612",1.58,62396.79,196549.8885
HA,Hawaiian Airlines,2017,May,5,2,"21,577","32,841",1.52,65378.31,205941.6765
HA,Hawaiian Airlines,2017,June,6,2,"22,337","33,070",1.48,67681.11,213195.4965
HA,Hawaiian Airlines,2017,July,7,3,"22,876","33,778",1.48,69314.28,218339.982
HA,Hawaiian Airlines,2017,August,8,3,"22,817","35,895",1.57,69135.51,217776.8565
HA,Hawaiian Airlines,2017,September,9,3,"21,411","35,679",1.67,64875.33,204357.2895
HA,Hawaiian Airlines,2017,October,10,4,"22,020","37,697",1.71,66720.6,210169.89
HA,Hawaiian Airlines,2017,November,11,4,"21,545","38,722",1.8,65281.35,205636.2525
HA,Hawaiian Airlines,2017,December,12,4,"22,820","42,287",1.85,69144.6,217805.49
HA,Hawaiian Airlines,2018,January,1,1,"22,421","44,097",1.97,67935.63,213997.2345
HA,Hawaiian Airlines,2018,February,2,1,"20,028","39,765",1.99,60684.84,191157.246
HA,Hawaiian Airlines,2018,March,3,1,"22,810","44,671",1.96,69114.3,217710.045
HA,Hawaiian Airlines,2018,April,4,2,"22,268","45,797",2.06,67472.04,212536.926
HA,Hawaiian Airlines,2018,May,5,2,"23,035","50,445",2.19,69796.05,219857.5575
HA,Hawaiian Airlines,2018,June,6,2,"23,318","51,026",2.19,70653.54,222558.651
HA,Hawaiian Airlines,2018,July,7,3,"24,096","52,047",2.16,73010.88,229984.272
HA,Hawaiian Airlines,2018,August,8,3,"24,813","53,534",2.16,75183.39,236827.6785
HA,Hawaiian Airlines,2018,September,9,3,"23,130","51,386",2.22,70083.9,220764.285
HA,Hawaiian Airlines,2018,October,10,4,"22,790","53,225",2.34,69053.7,217519.155
HA,Hawaiian Airlines,2018,November,11,4,"21,690","47,711",2.2,65720.7,207020.205
HA,Hawaiian Airlines,2018,December,12,4,"23,110","43,375",1.88,70023.3,220573.395
HA,Hawaiian Airlines,2019,January,1,1,"22,604","39,950",1.77,68490.12,215743.878
HA,Hawaiian Airlines,2019,February,2,1,"19,951","37,668",1.89,60451.53,190422.3195
HA,Hawaiian Airlines,2019,March,3,1,"21,943","43,417",1.98,66487.29,209434.9635
HA,Hawaiian Airlines,2019,April,4,2,"22,034","44,830",2.03,66763.02,210303.513
HA,Hawaiian Airlines,2019,May,5,2,"22,906","48,008",2.1,69405.18,218626.317
HA,Hawaiian Airlines,2019,June,6,2,"22,338","42,539",1.9,67684.14,213205.041
HA,Hawaiian Airlines,2019,July,7,3,"23,281","45,057",1.94,70541.43,222205.5045
HA,Hawaiian Airlines,2019,August,8,3,"23,729","44,963",1.89,71898.87,226481.4405
HA,Hawaiian Airlines,2019,September,9,3,"22,563","42,840",1.9,68365.89,215352.5535
HA,Hawaiian Airlines,2019,October,10,4,"22,629","43,504",1.92,68565.87,215982.4905
HA,Hawaiian Airlines,2019,November,11,4,"21,710","41,695",1.92,65781.3,207211.095
HA,Hawaiian Airlines,2019,December,12,4,"23,834","46,002",1.93,72217.02,227483.613
B6,JetBlue Airways,2010,January,1,1,"38,996","86,281",2.21,118157.88,372197.322
B6,JetBlue Airways,2010,February,2,1,"35,310","76,005",2.15,106989.3,337016.295
B6,JetBlue Airways,2010,March,3,1,"42,012","92,207",2.19,127296.36,400983.534
B6,JetBlue Airways,2010,April,4,2,"40,383","93,652",2.32,122360.49,385435.5435
B6,JetBlue Airways,2010,May,5,2,"39,425","93,445",2.37,119457.75,376291.9125
B6,JetBlue Airways,2010,June,6,2,"41,328","91,767",2.22,125223.84,394455.096
B6,JetBlue Airways,2010,July,7,3,"45,147","101,498",2.25,136795.41,430905.5415
B6,JetBlue Airways,2010,August,8,3,"44,972","103,016",2.29,136265.16,429235.254
B6,JetBlue Airways,2010,September,9,3,"38,929","87,653",2.25,117954.87,371557.8405
B6,JetBlue Airways,2010,October,10,4,"40,024","93,932",2.35,121272.72,382009.068
B6,JetBlue Airways,2010,November,11,4,"39,524","94,966",2.4,119757.72,377236.818
B6,JetBlue Airways,2010,December,12,4,"40,365","100,955",2.5,122305.95,385263.7425
B6,JetBlue Airways,2011,January,1,1,"38,175","103,530",2.71,115670.25,364361.2875
B6,JetBlue Airways,2011,February,2,1,"37,361","108,490",2.9,113203.83,356592.0645
B6,JetBlue Airways,2011,March,3,1,"44,344","140,770",3.17,134362.32,423241.308
B6,JetBlue Airways,2011,April,4,2,"43,940","145,206",3.3,133138.2,419385.33
B6,JetBlue Airways,2011,May,5,2,"43,459","145,787",3.35,131680.77,414794.4255
B6,JetBlue Airways,2011,June,6,2,"45,434","148,555",3.27,137665.02,433644.813
B6,JetBlue Airways,2011,July,7,3,"50,267","162,978",3.24,152309.01,479773.3815
B6,JetBlue Airways,2011,August,8,3,"47,532","154,582",3.25,144021.96,453669.174
B6,JetBlue Airways,2011,September,9,3,"41,910","136,201",3.25,126987.3,400009.995
B6,JetBlue Airways,2011,October,10,4,"42,699","132,519",3.1,129377.97,407540.6055
B6,JetBlue Airways,2011,November,11,4,"42,766","138,264",3.23,129580.98,408180.087
B6,JetBlue Airways,2011,December,12,4,"46,898","146,724",3.13,142100.94,447617.961
B6,JetBlue Airways,2012,January,1,1,"43,496","137,009",3.15,131792.88,415147.572
B6,JetBlue Airways,2012,February,2,1,"42,021","136,236",3.24,127323.63,401069.4345
B6,JetBlue Airways,2012,March,3,1,"47,844","159,676",3.34,144967.32,456647.058
B6,JetBlue Airways,2012,April,4,2,"46,736","157,718",3.37,141610.08,446071.752
B6,JetBlue Airways,2012,May,5,2,"45,528","149,110",3.28,137949.84,434541.996
B6,JetBlue Airways,2012,June,6,2,"47,692","143,483",3.01,144506.76,455196.294
B6,JetBlue Airways,2012,July,7,3,"53,331","161,015",3.02,161592.93,509017.7295
B6,JetBlue Airways,2012,August,8,3,"53,475","171,097",3.2,162029.25,510392.1375
B6,JetBlue Airways,2012,September,9,3,"44,785","148,578",3.32,135698.55,427450.4325
B6,JetBlue Airways,2012,October,10,4,"42,947","140,509",3.27,130129.41,409907.6415
B6,JetBlue Airways,2012,November,11,4,"45,704","145,231",3.18,138483.12,436221.828
B6,JetBlue Airways,2012,December,12,4,"49,725","156,534",3.15,150666.75,474600.2625
B6,JetBlue Airways,2013,January,1,1,"48,052","155,595",3.24,145597.56,458632.314
B6,JetBlue Airways,2013,February,2,1,"42,709","144,928",3.39,129408.27,407636.0505
B6,JetBlue Airways,2013,March,3,1,"51,429","166,876",3.24,155829.87,490864.0905
B6,JetBlue Airways,2013,April,4,2,"50,440","158,422",3.14,152833.2,481424.58
B6,JetBlue Airways,2013,May,5,2,"49,519","149,271",3.01,150042.57,472634.0955
B6,JetBlue Airways,2013,June,6,2,"51,895","157,260",3.03,157241.85,495311.8275
B6,JetBlue Airways,2013,July,7,3,"57,221","175,878",3.07,173379.63,546145.8345
B6,JetBlue Airways,2013,August,8,3,"57,078","179,457",3.14,172946.34,544780.971
B6,JetBlue Airways,2013,September,9,3,"45,427","145,534",3.2,137643.81,433578.0015
B6,JetBlue Airways,2013,October,10,4,"47,276","145,919",3.09,143246.28,451225.782
B6,JetBlue Airways,2013,November,11,4,"48,082","147,227",3.06,145688.46,458918.649
B6,JetBlue Airways,2013,December,12,4,"54,981","172,684",3.14,166592.43,524766.1545
B6,JetBlue Airways,2014,January,1,1,"47,997","150,456",3.13,145430.91,458107.3665
B6,JetBlue Airways,2014,February,2,1,"45,771","144,052",3.15,138686.13,436861.3095
B6,JetBlue Airways,2014,March,3,1,"53,870","169,341",3.14,163226.1,514162.215
B6,JetBlue Airways,2014,April,4,2,"53,278","164,152",3.08,161432.34,508511.871
B6,JetBlue Airways,2014,May,5,2,"53,214","165,148",3.1,161238.42,507901.023
B6,JetBlue Airways,2014,June,6,2,"54,544","167,957",3.08,165268.32,520595.208
B6,JetBlue Airways,2014,July,7,3,"60,007","183,942",3.07,181821.21,572736.8115
B6,JetBlue Airways,2014,August,8,3,"60,450","185,661",3.07,183163.5,576965.025
B6,JetBlue Airways,2014,September,9,3,"48,281","148,438",3.07,146291.43,460818.0045
B6,JetBlue Airways,2014,October,10,4,"51,160","145,653",2.85,155014.8,488296.62
B6,JetBlue Airways,2014,November,11,4,"51,684","142,059",2.75,156602.52,493297.938
B6,JetBlue Airways,2014,December,12,4,"58,486","148,063",2.53,177212.58,558219.627
B6,JetBlue Airways,2015,January,1,1,"54,866","110,873",2.02,166243.98,523668.537
B6,JetBlue Airways,2015,February,2,1,"49,578","101,212",2.04,150221.34,473197.221
B6,JetBlue Airways,2015,March,3,1,"58,065","122,734",2.11,175936.95,554201.3925
B6,JetBlue Airways,2015,April,4,2,"57,363","115,638",2.02,173809.89,547501.1535
B6,JetBlue Airways,2015,May,5,2,"57,258","127,249",2.22,173491.74,546498.981
B6,JetBlue Airways,2015,June,6,2,"59,382","128,458",2.16,179927.46,566771.499
B6,JetBlue Airways,2015,July,7,3,"65,375","128,314",1.96,198086.25,623971.6875
B6,JetBlue Airways,2015,August,8,3,"64,951","117,103",1.8,196801.53,619924.8195
B6,JetBlue Airways,2015,September,9,3,"54,624","96,082",1.76,165510.72,521358.768
B6,JetBlue Airways,2015,October,10,4,"56,571","98,608",1.74,171410.13,539941.9095
B6,JetBlue Airways,2015,November,11,4,"56,858","98,779",1.74,172279.74,542681.181
B6,JetBlue Airways,2015,December,12,4,"64,385","101,008",1.57,195086.55,614522.6325
B6,JetBlue Airways,2016,January,1,1,"60,556","70,372",1.16,183484.68,577976.742
B6,JetBlue Airways,2016,February,2,1,"58,093","66,146",1.14,176021.79,554468.6385
B6,JetBlue Airways,2016,March,3,1,"64,312","77,694",1.21,194865.36,613825.884
B6,JetBlue Airways,2016,April,4,2,"62,353","79,189",1.27,188929.59,595128.2085
B6,JetBlue Airways,2016,May,5,2,"63,485","91,584",1.44,192359.55,605932.5825
B6,JetBlue Airways,2016,June,6,2,"65,262","102,808",1.58,197743.86,622893.159
B6,JetBlue Airways,2016,July,7,3,"69,441","105,517",1.52,210406.23,662779.6245
B6,JetBlue Airways,2016,August,8,3,"69,363","98,328",1.42,210169.89,662035.1535
B6,JetBlue Airways,2016,September,9,3,"59,152","88,691",1.5,179230.56,564576.264
B6,JetBlue Airways,2016,October,10,4,"59,997","92,216",1.54,181790.91,572641.3665
B6,JetBlue Airways,2016,November,11,4,"60,116","92,638",1.54,182151.48,573777.162
B6,JetBlue Airways,2016,December,12,4,"66,675","106,084",1.59,202025.25,636379.5375
B6,JetBlue Airways,2017,January,1,1,"65,240","110,130",1.69,197677.2,622683.18
B6,JetBlue Airways,2017,February,2,1,"58,332","99,547",1.71,176745.96,556749.774
B6,JetBlue Airways,2017,March,3,1,"67,269","112,893",1.68,203825.07,642048.9705
B6,JetBlue Airways,2017,April,4,2,"66,755","111,404",1.67,202267.65,637143.0975
B6,JetBlue Airways,2017,May,5,2,"66,783","107,305",1.61,202352.49,637410.3435
B6,JetBlue Airways,2017,June,6,2,"68,337","106,337",1.56,207061.11,652242.4965
B6,JetBlue Airways,2017,July,7,3,"73,699","115,032",1.56,223307.97,703420.1055
B6,JetBlue Airways,2017,August,8,3,"72,954","123,839",1.7,221050.62,696309.453
B6,JetBlue Airways,2017,September,9,3,"58,105","108,014",1.86,176058.15,554583.1725
B6,JetBlue Airways,2017,October,10,4,"63,720","117,321",1.84,193071.6,608175.54
B6,JetBlue Airways,2017,November,11,4,"62,822","117,891",1.88,190350.66,599604.579
B6,JetBlue Airways,2017,December,12,4,"67,877","132,929",1.96,205667.31,647852.0265
B6,JetBlue Airways,2018,January,1,1,"66,878","142,005",2.12,202640.34,638317.071
B6,JetBlue Airways,2018,February,2,1,"62,749","132,599",2.11,190129.47,598907.8305
B6,JetBlue Airways,2018,March,3,1,"69,583","142,201",2.04,210836.49,664134.9435
B6,JetBlue Airways,2018,April,4,2,"70,478","153,254",2.17,213548.34,672677.271
B6,JetBlue Airways,2018,May,5,2,"72,692","169,992",2.34,220256.76,693808.794
B6,JetBlue Airways,2018,June,6,2,"72,082","167,870",2.33,218408.46,687986.649
B6,JetBlue Airways,2018,July,7,3,"76,881","176,856",2.3,232949.43,733790.7045
B6,JetBlue Airways,2018,August,8,3,"76,718","176,610",2.3,232455.54,732234.951
B6,JetBlue Airways,2018,September,9,3,"68,763","161,306",2.35,208351.89,656308.4535
B6,JetBlue Airways,2018,October,10,4,"69,231","169,571",2.45,209769.93,660775.2795
B6,JetBlue Airways,2018,November,11,4,"68,905","158,336",2.3,208782.15,657663.7725
B6,JetBlue Airways,2018,December,12,4,"74,133","148,471",2,224622.99,707562.4185
B6,JetBlue Airways,2019,January,1,1,"70,408","137,194",1.95,213336.24,672009.156
B6,JetBlue Airways,2019,February,2,1,"66,425","136,975",2.06,201267.75,633993.4125
B6,JetBlue Airways,2019,March,3,1,"76,392","162,914",2.13,231467.76,729123.444
B6,JetBlue Airways,2019,April,4,2,"75,177","162,566",2.16,227786.31,717526.8765
B6,JetBlue Airways,2019,May,5,2,"74,539","167,297",2.24,225853.17,711437.4855
B6,JetBlue Airways,2019,June,6,2,"74,781","154,413",2.06,226586.43,713747.2545
B6,JetBlue Airways,2019,July,7,3,"79,777","167,226",2.1,241724.31,761431.5765
B6,JetBlue Airways,2019,August,8,3,"79,759","163,627",2.05,241669.77,761259.7755
B6,JetBlue Airways,2019,September,9,3,"69,035","140,195",2.03,209176.05,658904.5575
B6,JetBlue Airways,2019,October,10,4,"71,709","147,708",2.06,217278.27,684426.5505
B6,JetBlue Airways,2019,November,11,4,"71,249","147,492",2.07,215884.47,680036.0805
B6,JetBlue Airways,2019,December,12,4,"76,220","159,546",2.09,230946.6,727481.79
OO,SkyWest Airlines,2010,January,1,1,"9,090","23,077",2.54,27542.7,86759.505
OO,SkyWest Airlines,2010,February,2,1,"9,087","22,265",2.45,27533.61,86730.8715
OO,SkyWest Airlines,2010,March,3,1,"10,531","26,725",2.54,31908.93,100513.1295
OO,SkyWest Airlines,2010,April,4,2,"10,296","27,363",2.66,31196.88,98270.172
OO,SkyWest Airlines,2010,May,5,2,"10,340","26,752",2.59,31330.2,98690.13
OO,SkyWest Airlines,2010,June,6,2,"10,937","27,424",2.51,33139.11,104388.1965
OO,SkyWest Airlines,2010,July,7,3,"11,331","28,219",2.49,34332.93,108148.7295
OO,SkyWest Airlines,2010,August,8,3,"11,120","28,776",2.59,33693.6,106134.84
OO,SkyWest Airlines,2010,September,9,3,"9,890","25,306",2.56,29966.7,94395.105
OO,SkyWest Airlines,2010,October,10,4,"10,119","26,932",2.66,30660.57,96580.7955
OO,SkyWest Airlines,2010,November,11,4,"9,313","25,676",2.76,28218.39,88887.9285
OO,SkyWest Airlines,2010,December,12,4,"9,528","27,791",2.92,28869.84,90939.996
OO,SkyWest Airlines,2011,January,1,1,"9,401","28,686",3.05,28485.03,89727.8445
OO,SkyWest Airlines,2011,February,2,1,"9,528","27,000",2.83,28869.84,90939.996
OO,SkyWest Airlines,2011,March,3,1,"9,756","35,011",3.59,29560.68,93116.142
OO,SkyWest Airlines,2011,April,4,2,"9,470","35,309",3.73,28694.1,90386.415
OO,SkyWest Airlines,2011,May,5,2,"10,304","37,677",3.66,31221.12,98346.528
OO,SkyWest Airlines,2011,June,6,2,"10,560","37,764",3.58,31996.8,100789.92
OO,SkyWest Airlines,2011,July,7,3,"11,230","39,010",3.47,34026.9,107184.735
OO,SkyWest Airlines,2011,August,8,3,"10,824","38,065",3.52,32796.72,103309.668
OO,SkyWest Airlines,2011,September,9,3,"9,702","33,830",3.49,29397.06,92600.739
OO,SkyWest Airlines,2011,October,10,4,"9,580","32,584",3.4,29027.4,91436.31
OO,SkyWest Airlines,2011,November,11,4,"8,992","31,893",3.55,27245.76,85824.144
OO,SkyWest Airlines,2011,December,12,4,"9,564","32,777",3.43,28978.92,91283.598
OO,SkyWest Airlines,2012,January,1,1,"8,836","31,083",3.52,26773.08,84335.202
OO,SkyWest Airlines,2012,February,2,1,"8,422","30,833",3.66,25518.66,80383.779
OO,SkyWest Airlines,2012,March,3,1,"9,514","35,675",3.75,28827.42,90806.373
OO,SkyWest Airlines,2012,April,4,2,"8,920","32,554",3.65,27027.6,85136.94
OO,SkyWest Airlines,2012,May,5,2,"9,702","34,255",3.53,29397.06,92600.739
OO,SkyWest Airlines,2012,June,6,2,"10,118","32,592",3.22,30657.54,96571.251
OO,SkyWest Airlines,2012,July,7,3,"6,623","22,453",3.39,20067.69,63213.2235
OO,SkyWest Airlines,2012,August,8,3,"4,750","18,090",3.81,14392.5,45336.375
OO,SkyWest Airlines,2012,September,9,3,"4,858","18,640",3.84,14719.74,46367.181
OO,SkyWest Airlines,2012,October,10,4,"3,845","14,936",3.88,11650.35,36698.6025
OO,SkyWest Airlines,2012,November,11,4,"3,857","14,515",3.76,11686.71,36813.1365
OO,SkyWest Airlines,2012,December,12,4,"3,992","15,053",3.77,12095.76,38101.644
OO,SkyWest Airlines,2013,January,1,1,"3,618","13,618",3.76,10962.54,34532.001
OO,SkyWest Airlines,2013,February,2,1,"3,262","13,214",4.05,9883.86,31134.159
OO,SkyWest Airlines,2013,March,3,1,"3,592","13,757",3.83,10883.76,34283.844
OO,SkyWest Airlines,2013,April,4,2,"3,552","12,996",3.66,10762.56,33902.064
OO,SkyWest Airlines,2013,May,5,2,"3,643","13,004",3.57,11038.29,34770.6135
OO,SkyWest Airlines,2013,June,6,2,"3,793","13,099",3.45,11492.79,36202.2885
OO,SkyWest Airlines,2013,July,7,3,"4,087","14,092",3.45,12383.61,39008.3715
OO,SkyWest Airlines,2013,August,8,3,"4,054","14,193",3.5,12283.62,38693.403
OO,SkyWest Airlines,2013,September,9,3,"3,673","13,040",3.55,11129.19,35056.9485
OO,SkyWest Airlines,2013,October,10,4,"3,748","13,082",3.49,11356.44,35772.786
OO,SkyWest Airlines,2013,November,11,4,"3,637","12,713",3.49,11020.11,34713.3465
OO,SkyWest Airlines,2013,December,12,4,"3,980","13,872",3.49,12059.4,37987.11
OO,SkyWest Airlines,2014,January,1,1,"3,826","13,373",3.5,11592.78,36517.257
OO,SkyWest Airlines,2014,February,2,1,"3,525","12,408",3.52,10680.75,33644.3625
OO,SkyWest Airlines,2014,March,3,1,"4,217","14,611",3.46,12777.51,40249.1565
OO,SkyWest Airlines,2014,April,4,2,"4,545","15,623",3.44,13771.35,43379.7525
OO,SkyWest Airlines,2014,May,5,2,"5,003","17,461",3.49,15159.09,47751.1335
OO,SkyWest Airlines,2014,June,6,2,"5,063","17,915",3.54,15340.89,48323.8035
OO,SkyWest Airlines,2014,July,7,3,"4,869","16,304",3.35,14753.07,46472.1705
OO,SkyWest Airlines,2014,August,8,3,"4,594","15,974",3.48,13919.82,43847.433
OO,SkyWest Airlines,2014,September,9,3,"4,255","14,508",3.41,12892.65,40611.8475
OO,SkyWest Airlines,2014,October,10,4,"4,479","13,850",3.09,13571.37,42749.8155
OO,SkyWest Airlines,2014,November,11,4,"3,968","11,854",2.99,12023.04,37872.576
OO,SkyWest Airlines,2014,December,12,4,"4,339","11,271",2.6,13147.17,41413.5855
OO,SkyWest Airlines,2015,January,1,1,"4,129","8,970",2.17,12510.87,39409.2405
OO,SkyWest Airlines,2015,February,2,1,"3,726","8,198",2.2,11289.78,35562.807
OO,SkyWest Airlines,2015,March,3,1,"4,114","9,230",2.24,12465.42,39266.073
OO,SkyWest Airlines,2015,April,4,2,"4,221","9,038",2.14,12789.63,40287.3345
OO,SkyWest Airlines,2015,May,5,2,"4,400","10,861",2.47,13332,41995.8
OO,SkyWest Airlines,2015,June,6,2,"4,387","10,365",2.36,13292.61,41871.7215
OO,SkyWest Airlines,2015,July,7,3,"5,077","11,266",2.22,15383.31,48457.4265
OO,SkyWest Airlines,2015,August,8,3,"5,152","10,273",1.99,15610.56,49173.264
OO,SkyWest Airlines,2015,September,9,3,"5,250","9,366",1.78,15907.5,50108.625
OO,SkyWest Airlines,2015,October,10,4,"4,711","9,706",2.06,14274.33,44964.1395
OO,SkyWest Airlines,2015,November,11,4,"4,927","9,216",1.87,14928.81,47025.7515
OO,SkyWest Airlines,2015,December,12,4,"5,241","8,347",1.59,15880.23,50022.7245
OO,SkyWest Airlines,2016,January,1,1,"5,445","8,161",1.5,16498.35,51969.8025
OO,SkyWest Airlines,2016,February,2,1,"5,288","7,861",1.49,16022.64,50471.316
OO,SkyWest Airlines,2016,March,3,1,"6,068","8,768",1.44,18386.04,57916.026
OO,SkyWest Airlines,2016,April,4,2,"6,079","9,365",1.54,18419.37,58021.0155
OO,SkyWest Airlines,2016,May,5,2,"6,375","10,830",1.7,19316.25,60846.1875
OO,SkyWest Airlines,2016,June,6,2,"6,377","11,480",1.8,19322.31,60865.2765
OO,SkyWest Airlines,2016,July,7,3,"6,490","11,648",1.79,19664.7,61943.805
OO,SkyWest Airlines,2016,August,8,3,"6,549","11,535",1.76,19843.47,62506.9305
OO,SkyWest Airlines,2016,September,9,3,"5,644","8,966",1.59,17101.32,53869.158
OO,SkyWest Airlines,2016,October,10,4,"5,715","10,322",1.81,17316.45,54546.8175
OO,SkyWest Airlines,2016,November,11,4,"5,342","9,644",1.81,16186.26,50986.719
OO,SkyWest Airlines,2016,December,12,4,"5,655","10,848",1.92,17134.65,53974.1475
OO,SkyWest Airlines,2017,January,1,1,"5,631","11,006",1.95,17061.93,53745.0795
OO,SkyWest Airlines,2017,February,2,1,"5,229","10,372",1.98,15843.87,49908.1905
OO,SkyWest Airlines,2017,March,3,1,"6,327","12,209",1.93,19170.81,60388.0515
OO,SkyWest Airlines,2017,April,4,2,"6,298","12,295",1.95,19082.94,60111.261
OO,SkyWest Airlines,2017,May,5,2,"6,493","12,279",1.89,19673.79,61972.4385
OO,SkyWest Airlines,2017,June,6,2,"6,696","11,959",1.79,20288.88,63909.972
OO,SkyWest Airlines,2017,July,7,3,"6,864","12,687",1.85,20797.92,65513.448
OO,SkyWest Airlines,2017,August,8,3,"6,940","13,771",1.98,21028.2,66238.83
OO,SkyWest Airlines,2017,September,9,3,"7,302","15,464",2.12,22125.06,69693.939
OO,SkyWest Airlines,2017,October,10,4,"7,732","16,346",2.11,23427.96,73798.074
OO,SkyWest Airlines,2017,November,11,4,"7,368","16,037",2.18,22325.04,70323.876
OO,SkyWest Airlines,2017,December,12,4,"7,379","16,612",2.25,22358.37,70428.8655
OO,SkyWest Airlines,2018,January,1,1,"7,719","18,509",2.4,23388.57,73673.9955
OO,SkyWest Airlines,2018,February,2,1,"7,207","16,861",2.34,21837.21,68787.2115
OO,SkyWest Airlines,2018,March,3,1,"8,110","18,507",2.28,24573.3,77405.895
OO,SkyWest Airlines,2018,April,4,2,"7,897","18,718",2.37,23927.91,75372.9165
OO,SkyWest Airlines,2018,May,5,2,"8,258","21,499",2.6,25021.74,78818.481
OO,SkyWest Airlines,2018,June,6,2,"8,108","20,727",2.56,24567.24,77386.806
OO,SkyWest Airlines,2018,July,7,3,"8,254","20,895",2.53,25009.62,78780.303
OO,SkyWest Airlines,2018,August,8,3,"8,455","21,656",2.56,25618.65,80698.7475
OO,SkyWest Airlines,2018,September,9,3,"8,232","21,211",2.58,24942.96,78570.324
OO,SkyWest Airlines,2018,October,10,4,"8,642","23,651",2.74,26185.26,82483.569
OO,SkyWest Airlines,2018,November,11,4,"8,304","21,469",2.59,25161.12,79257.528
OO,SkyWest Airlines,2018,December,12,4,"8,478","19,096",2.25,25688.34,80918.271
OO,SkyWest Airlines,2019,January,1,1,"8,150","17,780",2.18,24694.5,77787.675
OO,SkyWest Airlines,2019,February,2,1,"7,503","17,050",2.27,22734.09,71612.3835
OO,SkyWest Airlines,2019,March,3,1,"8,559","20,654",2.41,25933.77,81691.3755
OO,SkyWest Airlines,2019,April,4,2,"8,263","20,297",2.46,25036.89,78866.2035
OO,SkyWest Airlines,2019,May,5,2,"8,838","22,437",2.54,26779.14,84354.291
OO,SkyWest Airlines,2019,June,6,2,"8,915","20,779",2.33,27012.45,85089.2175
OO,SkyWest Airlines,2019,July,7,3,"9,566","21,469",2.24,28984.98,91302.687
OO,SkyWest Airlines,2019,August,8,3,"8,791","21,267",2.42,26636.73,83905.6995
OO,SkyWest Airlines,2019,September,9,3,"8,835","20,314",2.3,26770.05,84325.6575
OO,SkyWest Airlines,2019,October,10,4,"9,278","21,936",2.36,28112.34,88553.871
OO,SkyWest Airlines,2019,November,11,4,"8,528","19,832",2.33,25839.84,81395.496
OO,SkyWest Airlines,2019,December,12,4,"8,960","21,638",2.41,27148.8,85518.72
WN,Southwest Airlines,2010,January,1,1,"110,707","263,646",2.38,335442.21,1056642.962
WN,Southwest Airlines,2010,February,2,1,"98,385","232,684",2.37,298106.55,939035.6325
WN,Southwest Airlines,2010,March,3,1,"120,122","285,021",2.37,363969.66,1146504.429
WN,Southwest Airlines,2010,April,4,2,"119,272","286,486",2.4,361394.16,1138391.604
WN,Southwest Airlines,2010,May,5,2,"125,546","310,942",2.48,380404.38,1198273.797
WN,Southwest Airlines,2010,June,6,2,"126,930","294,300",2.32,384597.9,1211483.385
WN,Southwest Airlines,2010,July,7,3,"130,299","302,289",2.32,394805.97,1243638.806
WN,Southwest Airlines,2010,August,8,3,"126,992","302,269",2.38,384785.76,1212075.144
WN,Southwest Airlines,2010,September,9,3,"117,235","278,409",2.37,355222.05,1118949.458
WN,Southwest Airlines,2010,October,10,4,"122,422","294,790",2.41,370938.66,1168456.779
WN,Southwest Airlines,2010,November,11,4,"118,223","290,225",2.45,358215.69,1128379.424
WN,Southwest Airlines,2010,December,12,4,"120,570","313,448",2.6,365327.1,1150780.365
WN,Southwest Airlines,2011,January,1,1,"118,506","311,076",2.62,359073.18,1131080.517
WN,Southwest Airlines,2011,February,2,1,"106,882","286,083",2.68,323852.46,1020135.249
WN,Southwest Airlines,2011,March,3,1,"130,243","388,635",2.98,394636.29,1243104.314
WN,Southwest Airlines,2011,April,4,2,"128,067","405,490",3.17,388043.01,1222335.482
WN,Southwest Airlines,2011,May,5,2,"131,070","422,417",3.22,397142.1,1250997.615
WN,Southwest Airlines,2011,June,6,2,"134,089","429,056",3.2,406289.67,1279812.461
WN,Southwest Airlines,2011,July,7,3,"137,211","418,218",3.05,415749.33,1309610.39
WN,Southwest Airlines,2011,August,8,3,"131,446","415,625",3.16,398281.38,1254586.347
WN,Southwest Airlines,2011,September,9,3,"121,107","405,860",3.35,366954.21,1155905.762
WN,Southwest Airlines,2011,October,10,4,"126,966","393,304",3.1,384706.98,1211826.987
WN,Southwest Airlines,2011,November,11,4,"119,129","380,345",3.19,360960.87,1137026.741
WN,Southwest Airlines,2011,December,12,4,"122,167","400,801",3.28,370166.01,1166022.932
WN,Southwest Airlines,2012,January,1,1,"116,468","376,354",3.23,352898.04,1111628.826
WN,Southwest Airlines,2012,February,2,1,"112,991","379,447",3.36,342362.73,1078442.6
WN,Southwest Airlines,2012,March,3,1,"130,906","423,754",3.24,396645.18,1249432.317
WN,Southwest Airlines,2012,April,4,2,"156,948","517,147",3.3,475552.44,1497990.186
WN,Southwest Airlines,2012,May,5,2,"162,973","510,931",3.14,493808.19,1555495.799
WN,Southwest Airlines,2012,June,6,2,"164,822","487,157",2.96,499410.66,1573143.579
WN,Southwest Airlines,2012,July,7,3,"170,893","498,512",2.92,517805.79,1631088.239
WN,Southwest Airlines,2012,August,8,3,"162,458","497,717",3.06,492247.74,1550580.381
WN,Southwest Airlines,2012,September,9,3,"144,274","474,627",3.29,437150.22,1377023.193
WN,Southwest Airlines,2012,October,10,4,"151,149","512,450",3.39,457981.47,1442641.631
WN,Southwest Airlines,2012,November,11,4,"143,927","456,390",3.17,436098.81,1373711.252
WN,Southwest Airlines,2012,December,12,4,"148,598","479,859",3.23,450251.94,1418293.611
WN,Southwest Airlines,2013,January,1,1,"140,581","444,847",3.16,425960.43,1341775.355
WN,Southwest Airlines,2013,February,2,1,"130,977","440,516",3.36,396860.31,1250109.977
WN,Southwest Airlines,2013,March,3,1,"160,607","516,869",3.22,486639.21,1532913.512
WN,Southwest Airlines,2013,April,4,2,"156,689","463,022",2.96,474767.67,1495518.161
WN,Southwest Airlines,2013,May,5,2,"159,365","480,724",3.02,482875.95,1521059.243
WN,Southwest Airlines,2013,June,6,2,"162,156","467,340",2.88,491332.68,1547697.942
WN,Southwest Airlines,2013,July,7,3,"167,115","488,562",2.92,506358.45,1595029.118
WN,Southwest Airlines,2013,August,8,3,"157,428","468,336",2.97,477006.84,1502571.546
WN,Southwest Airlines,2013,September,9,3,"141,434","435,749",3.08,428545.02,1349916.813
WN,Southwest Airlines,2013,October,10,4,"149,773","444,989",2.97,453812.19,1429508.399
WN,Southwest Airlines,2013,November,11,4,"140,998","418,427",2.97,427223.94,1345755.411
WN,Southwest Airlines,2013,December,12,4,"151,369","448,512",2.96,458648.07,1444741.421
WN,Southwest Airlines,2014,January,1,1,"135,525","399,403",2.95,410640.75,1293518.363
WN,Southwest Airlines,2014,February,2,1,"127,528","383,879",3.01,386409.84,1217190.996
WN,Southwest Airlines,2014,March,3,1,"159,341","475,165",2.98,482803.23,1520830.175
WN,Southwest Airlines,2014,April,4,2,"153,184","449,062",2.93,464147.52,1462064.688
WN,Southwest Airlines,2014,May,5,2,"155,040","456,766",2.95,469771.2,1479779.28
WN,Southwest Airlines,2014,June,6,2,"161,153","463,254",2.87,488293.59,1538124.809
WN,Southwest Airlines,2014,July,7,3,"167,846","484,935",2.89,508573.38,1602006.147
WN,Southwest Airlines,2014,August,8,3,"154,944","443,872",2.86,469480.32,1478863.008
WN,Southwest Airlines,2014,September,9,3,"142,797","404,105",2.83,432674.91,1362925.967
WN,Southwest Airlines,2014,October,10,4,"149,286","395,409",2.65,452336.58,1424860.227
WN,Southwest Airlines,2014,November,11,4,"147,219","366,725",2.49,446073.57,1405131.746
WN,Southwest Airlines,2014,December,12,4,"146,834","350,417",2.39,444907.02,1401457.113
WN,Southwest Airlines,2015,January,1,1,"143,199","278,641",1.95,433892.97,1366762.856
WN,Southwest Airlines,2015,February,2,1,"128,293","247,634",1.93,388727.79,1224492.539
WN,Southwest Airlines,2015,March,3,1,"162,791","306,044",1.88,493256.73,1553758.7
WN,Southwest Airlines,2015,April,4,2,"160,305","294,147",1.83,485724.15,1530031.073
WN,Southwest Airlines,2015,May,5,2,"163,419","329,110",2.01,495159.57,1559752.646
WN,Southwest Airlines,2015,June,6,2,"168,906","332,387",1.97,511785.18,1612123.317
WN,Southwest Airlines,2015,July,7,3,"177,607","337,287",1.9,538149.21,1695170.012
WN,Southwest Airlines,2015,August,8,3,"164,849","289,834",1.76,499492.47,1573401.281
WN,Southwest Airlines,2015,September,9,3,"150,845","260,708",1.73,457060.35,1439740.103
WN,Southwest Airlines,2015,October,10,4,"157,972","257,752",1.63,478655.16,1507763.754
WN,Southwest Airlines,2015,November,11,4,"158,790","255,554",1.61,481133.7,1515571.155
WN,Southwest Airlines,2015,December,12,4,"163,761","239,223",1.46,496195.83,1563016.865
WN,Southwest Airlines,2016,January,1,1,"154,182","277,287",1.8,467171.46,1471590.099
WN,Southwest Airlines,2016,February,2,1,"145,494","252,888",1.74,440846.82,1388667.483
WN,Southwest Airlines,2016,March,3,1,"172,388","283,544",1.64,522335.64,1645357.266
WN,Southwest Airlines,2016,April,4,2,"165,867","262,365",1.58,502577.01,1583117.582
WN,Southwest Airlines,2016,May,5,2,"170,080","285,224",1.68,515342.4,1623328.56
WN,Southwest Airlines,2016,June,6,2,"176,999","310,304",1.75,536306.97,1689366.956
WN,Southwest Airlines,2016,July,7,3,"181,275","318,785",1.76,549263.25,1730179.238
WN,Southwest Airlines,2016,August,8,3,"171,759","295,569",1.72,520429.77,1639353.776
WN,Southwest Airlines,2016,September,9,3,"159,490","282,938",1.77,483254.7,1522252.305
WN,Southwest Airlines,2016,October,10,4,"164,348","299,839",1.82,497974.44,1568619.486
WN,Southwest Airlines,2016,November,11,4,"163,801","298,110",1.82,496317.03,1563398.645
WN,Southwest Airlines,2016,December,12,4,"170,252","312,431",1.84,515863.56,1624970.214
WN,Southwest Airlines,2017,January,1,1,"163,465","290,811",1.78,495298.95,1560191.693
WN,Southwest Airlines,2017,February,2,1,"146,059","269,082",1.84,442558.77,1394060.126
WN,Southwest Airlines,2017,March,3,1,"177,694","319,283",1.8,538412.82,1696000.383
WN,Southwest Airlines,2017,April,4,2,"176,070","319,190",1.81,533492.1,1680500.115
WN,Southwest Airlines,2017,May,5,2,"176,525","313,284",1.77,534870.75,1684842.863
WN,Southwest Airlines,2017,June,6,2,"182,619","308,375",1.69,553335.57,1743007.046
WN,Southwest Airlines,2017,July,7,3,"188,673","319,611",1.69,571679.19,1800789.449
WN,Southwest Airlines,2017,August,8,3,"178,305","326,729",1.83,540264.15,1701832.073
WN,Southwest Airlines,2017,September,9,3,"154,403","302,643",1.96,467841.09,1473699.434
WN,Southwest Airlines,2017,October,10,4,"165,801","320,963",1.94,502377.03,1582487.645
WN,Southwest Airlines,2017,November,11,4,"165,467","327,536",1.98,501365.01,1579299.782
WN,Southwest Airlines,2017,December,12,4,"169,466","329,539",1.94,513481.98,1617468.237
WN,Southwest Airlines,2018,January,1,1,"162,973","319,314",1.96,493808.19,1555495.799
WN,Southwest Airlines,2018,February,2,1,"146,855","295,452",2.01,444970.65,1401657.548
WN,Southwest Airlines,2018,March,3,1,"179,276","351,123",1.96,543206.28,1711099.782
WN,Southwest Airlines,2018,April,4,2,"176,451","353,689",2,534646.53,1684136.57
WN,Southwest Airlines,2018,May,5,2,"181,645","385,341",2.12,550384.35,1733710.703
WN,Southwest Airlines,2018,June,6,2,"184,788","402,316",2.18,559907.64,1763709.066
WN,Southwest Airlines,2018,July,7,3,"191,804","408,793",2.13,581166.12,1830673.278
WN,Southwest Airlines,2018,August,8,3,"179,272","389,067",2.17,543194.16,1711061.604
WN,Southwest Airlines,2018,September,9,3,"163,979","351,889",2.15,496856.37,1565097.566
WN,Southwest Airlines,2018,October,10,4,"176,692","389,707",2.21,535376.76,1686436.794
WN,Southwest Airlines,2018,November,11,4,"174,941","391,766",2.24,530071.23,1669724.375
WN,Southwest Airlines,2018,December,12,4,"175,645","357,070",2.03,532204.35,1676443.703
WN,Southwest Airlines,2019,January,1,1,"164,667","315,329",1.91,498941.01,1571664.182
WN,Southwest Airlines,2019,February,2,1,"148,568","293,363",1.97,450161.04,1418007.276
WN,Southwest Airlines,2019,March,3,1,"180,169","358,985",1.99,545912.07,1719623.021
WN,Southwest Airlines,2019,April,4,2,"173,333","348,144",2.01,525198.99,1654376.819
WN,Southwest Airlines,2019,May,5,2,"179,821","377,963",2.1,544857.63,1716301.535
WN,Southwest Airlines,2019,June,6,2,"179,030","357,769",2,542460.9,1708751.835
WN,Southwest Airlines,2019,July,7,3,"184,999","368,234",1.99,560546.97,1765722.956
WN,Southwest Airlines,2019,August,8,3,"176,921","346,717",1.96,536070.63,1688622.485
WN,Southwest Airlines,2019,September,9,3,"162,399","319,394",1.97,492068.97,1550017.256
WN,Southwest Airlines,2019,October,10,4,"176,367","349,198",1.98,534392.01,1683334.832
WN,Southwest Airlines,2019,November,11,4,"170,521","341,317",2,516678.63,1627537.685
WN,Southwest Airlines,2019,December,12,4,"179,723","364,234",2.03,544560.69,1715366.174
NK,Spirit Air Lines,2010,January,1,1,"8,035","21,040",2.62,24346.05,76690.0575
NK,Spirit Air Lines,2010,February,2,1,"7,299","13,573",1.86,22115.97,69665.3055
NK,Spirit Air Lines,2010,March,3,1,"8,865","19,243",2.17,26860.95,84611.9925
NK,Spirit Air Lines,2010,April,4,2,"8,771","19,642",2.24,26576.13,83714.8095
NK,Spirit Air Lines,2010,May,5,2,"8,927","24,747",2.77,27048.81,85203.7515
NK,Spirit Air Lines,2010,June,6,2,"7,267","16,306",2.24,22019.01,69359.8815
NK,Spirit Air Lines,2010,July,7,3,"10,076","21,761",2.16,30530.28,96170.382
NK,Spirit Air Lines,2010,August,8,3,"9,899","25,601",2.59,29993.97,94481.0055
NK,Spirit Air Lines,2010,September,9,3,"8,816","16,203",1.84,26712.48,84144.312
NK,Spirit Air Lines,2010,October,10,4,"9,233","23,296",2.52,27975.99,88124.3685
NK,Spirit Air Lines,2010,November,11,4,"9,507","23,004",2.42,28806.21,90739.5615
NK,Spirit Air Lines,2010,December,12,4,"9,933","23,747",2.39,30096.99,94805.5185
NK,Spirit Air Lines,2011,January,1,1,"9,388","24,012",2.56,28445.64,89603.766
NK,Spirit Air Lines,2011,February,2,1,"8,345","23,177",2.78,25285.35,79648.8525
NK,Spirit Air Lines,2011,March,3,1,"8,345","23,177",2.78,25285.35,79648.8525
NK,Spirit Air Lines,2011,April,4,2,"10,404","35,539",3.42,31524.12,99300.978
NK,Spirit Air Lines,2011,May,5,2,"10,519","36,753",3.49,31872.57,100398.5955
NK,Spirit Air Lines,2011,June,6,2,"10,341","35,030",3.39,31333.23,98699.6745
NK,Spirit Air Lines,2011,July,7,3,"11,426","37,689",3.3,34620.78,109055.457
NK,Spirit Air Lines,2011,August,8,3,"11,084","35,785",3.23,33584.52,105791.238
NK,Spirit Air Lines,2011,September,9,3,"9,130","31,510",3.45,27663.9,87141.285
NK,Spirit Air Lines,2011,October,10,4,"9,451","27,652",2.93,28636.53,90205.0695
NK,Spirit Air Lines,2011,November,11,4,"9,772","32,732",3.35,29609.16,93268.854
NK,Spirit Air Lines,2011,December,12,4,"10,729","34,565",3.22,32508.87,102402.9405
NK,Spirit Air Lines,2012,January,1,1,"10,410","32,736",3.14,31542.3,99358.245
NK,Spirit Air Lines,2012,February,2,1,"10,187","33,612",3.3,30866.61,97229.8215
NK,Spirit Air Lines,2012,March,3,1,"12,133","42,377",3.49,36762.99,115803.4185
NK,Spirit Air Lines,2012,April,4,2,"11,811","41,254",3.49,35787.33,112730.0895
NK,Spirit Air Lines,2012,May,5,2,"11,878","43,156",3.63,35990.34,113369.571
NK,Spirit Air Lines,2012,June,6,2,"12,140","35,823",2.95,36784.2,115870.23
NK,Spirit Air Lines,2012,July,7,3,"13,331","39,449",2.96,40392.93,127237.7295
NK,Spirit Air Lines,2012,August,8,3,"13,140","42,257",3.22,39814.2,125414.73
NK,Spirit Air Lines,2012,September,9,3,"11,290","40,281",3.57,34208.7,107757.405
NK,Spirit Air Lines,2012,October,10,4,"11,453","39,797",3.47,34702.59,109313.1585
NK,Spirit Air Lines,2012,November,11,4,"12,147","38,925",3.2,36805.41,115937.0415
NK,Spirit Air Lines,2012,December,12,4,"13,070","42,066",3.22,39602.1,124746.615
NK,Spirit Air Lines,2013,January,1,1,"12,696","41,991",3.31,38468.88,121176.972
NK,Spirit Air Lines,2013,February,2,1,"11,917","41,564",3.49,36108.51,113741.8065
NK,Spirit Air Lines,2013,March,3,1,"14,015","48,110",3.43,42465.45,133766.1675
NK,Spirit Air Lines,2013,April,4,2,"13,666","46,362",3.39,41407.98,130435.137
NK,Spirit Air Lines,2013,May,5,2,"14,324","44,506",3.11,43401.72,136715.418
NK,Spirit Air Lines,2013,June,6,2,"14,693","44,385",3.02,44519.79,140237.3385
NK,Spirit Air Lines,2013,July,7,3,"15,951","48,894",3.07,48331.53,152244.3195
NK,Spirit Air Lines,2013,August,8,3,"15,709","49,109",3.13,47598.27,149934.5505
NK,Spirit Air Lines,2013,September,9,3,"13,862","46,983",3.39,42001.86,132305.859
NK,Spirit Air Lines,2013,October,10,4,"14,337","43,855",3.06,43441.11,136839.4965
NK,Spirit Air Lines,2013,November,11,4,"14,992","45,766",3.05,45425.76,143091.144
NK,Spirit Air Lines,2013,December,12,4,"15,768","50,223",3.19,47777.04,150497.676
NK,Spirit Air Lines,2014,January,1,1,"15,903","50,724",3.19,48186.09,151786.1835
NK,Spirit Air Lines,2014,February,2,1,"14,389","45,845",3.19,43598.67,137335.8105
NK,Spirit Air Lines,2014,March,3,1,"16,385","51,903",3.17,49646.55,156386.6325
NK,Spirit Air Lines,2014,April,4,2,"15,925","49,678",3.12,48252.75,151996.1625
NK,Spirit Air Lines,2014,May,5,2,"16,784","52,571",3.13,50855.52,160194.888
NK,Spirit Air Lines,2014,June,6,2,"16,692","52,603",3.15,50576.76,159316.794
NK,Spirit Air Lines,2014,July,7,3,"17,316","54,172",3.13,52467.48,165272.562
NK,Spirit Air Lines,2014,August,8,3,"18,059","67,342",3.73,54718.77,172364.1255
NK,Spirit Air Lines,2014,September,9,3,"16,311","50,063",3.07,49422.33,155680.3395
NK,Spirit Air Lines,2014,October,10,4,"16,943","47,034",2.78,51337.29,161712.4635
NK,Spirit Air Lines,2014,November,11,4,"17,566","46,836",2.67,53224.98,167658.687
NK,Spirit Air Lines,2014,December,12,4,"18,223","44,027",2.42,55215.69,173929.4235
NK,Spirit Air Lines,2015,January,1,1,"19,041","38,304",2.01,57694.23,181736.8245
NK,Spirit Air Lines,2015,February,2,1,"17,590","28,831",1.64,53297.7,167887.755
NK,Spirit Air Lines,2015,March,3,1,"20,093","45,290",2.25,60881.79,191777.6385
NK,Spirit Air Lines,2015,April,4,2,"20,332","36,495",1.79,61605.96,194058.774
NK,Spirit Air Lines,2015,May,5,2,"21,819","47,929",2.2,66111.57,208251.4455
NK,Spirit Air Lines,2015,June,6,2,"20,923","43,091",2.06,63396.69,199699.5735
NK,Spirit Air Lines,2015,July,7,3,"22,618","42,300",1.87,68532.54,215877.501
NK,Spirit Air Lines,2015,August,8,3,"23,634","39,375",1.67,71611.02,225574.713
NK,Spirit Air Lines,2015,September,9,3,"21,431","34,218",1.6,64935.93,204548.1795
NK,Spirit Air Lines,2015,October,10,4,"21,955","35,805",1.63,66523.65,209549.4975
NK,Spirit Air Lines,2015,November,11,4,"22,066","35,333",1.6,66859.98,210608.937
NK,Spirit Air Lines,2015,December,12,4,"22,447","34,077",1.52,68014.41,214245.3915
NK,Spirit Air Lines,2016,January,1,1,"23,517","29,254",1.24,71256.51,224458.0065
NK,Spirit Air Lines,2016,February,2,1,"21,981","25,893",1.18,66602.43,209797.6545
NK,Spirit Air Lines,2016,March,3,1,"20,051","30,834",1.54,60754.53,191376.7695
NK,Spirit Air Lines,2016,April,4,2,"24,715","32,468",1.31,74886.45,235892.3175
NK,Spirit Air Lines,2016,May,5,2,"26,414","39,436",1.49,80034.42,252108.423
NK,Spirit Air Lines,2016,June,6,2,"25,884","41,287",1.6,78428.52,247049.838
NK,Spirit Air Lines,2016,July,7,3,"26,510","42,443",1.6,80325.3,253024.695
NK,Spirit Air Lines,2016,August,8,3,"27,159","40,968",1.51,82291.77,259219.0755
NK,Spirit Air Lines,2016,September,9,3,"24,619","38,433",1.56,74595.57,234976.0455
NK,Spirit Air Lines,2016,October,10,4,"24,718","41,067",1.66,74895.54,235920.951
NK,Spirit Air Lines,2016,November,11,4,"25,214","39,656",1.57,76398.42,240655.023
NK,Spirit Air Lines,2016,December,12,4,"26,998","45,812",1.7,81803.94,257682.411
NK,Spirit Air Lines,2017,January,1,1,"26,627","46,027",1.73,80679.81,254141.4015
NK,Spirit Air Lines,2017,February,2,1,"24,596","45,333",1.84,74525.88,234756.522
NK,Spirit Air Lines,2017,March,3,1,"27,841","48,421",1.74,84358.23,265728.4245
NK,Spirit Air Lines,2017,April,4,2,"27,726","48,152",1.74,84009.78,264630.807
NK,Spirit Air Lines,2017,May,5,2,"28,240","46,221",1.64,85567.2,269536.68
NK,Spirit Air Lines,2017,June,6,2,"30,742","47,920",1.56,93148.26,293417.019
NK,Spirit Air Lines,2017,July,7,3,"31,994","50,680",1.58,96941.82,305366.733
NK,Spirit Air Lines,2017,August,8,3,"32,149","56,710",1.76,97411.47,306846.1305
NK,Spirit Air Lines,2017,September,9,3,"26,132","50,910",1.95,79179.96,249416.874
NK,Spirit Air Lines,2017,October,10,4,"29,292","55,850",1.91,88754.76,279577.494
NK,Spirit Air Lines,2017,November,11,4,"29,149","57,270",1.96,88321.47,278212.6305
NK,Spirit Air Lines,2017,December,12,4,"30,398","62,085",2.04,92105.94,290133.711
NK,Spirit Air Lines,2018,January,1,1,"31,610","69,563",2.2,95778.3,301701.645
NK,Spirit Air Lines,2018,February,2,1,"29,760","64,842",2.18,90172.8,284044.32
NK,Spirit Air Lines,2018,March,3,1,"33,633","70,241",2.09,101907.99,321010.1685
NK,Spirit Air Lines,2018,April,4,2,"33,992","74,290",2.19,102995.76,324436.644
NK,Spirit Air Lines,2018,May,5,2,"35,522","84,672",2.38,107631.66,339039.729
NK,Spirit Air Lines,2018,June,6,2,"36,630","87,218",2.38,110988.9,349615.035
NK,Spirit Air Lines,2018,July,7,3,"38,797","91,322",2.35,117554.91,370297.9665
NK,Spirit Air Lines,2018,August,8,3,"38,982","91,481",2.35,118115.46,372063.699
NK,Spirit Air Lines,2018,September,9,3,"31,826","76,016",2.39,96432.78,303763.257
NK,Spirit Air Lines,2018,October,10,4,"31,720","79,410",2.5,96111.6,302751.54
NK,Spirit Air Lines,2018,November,11,4,"33,984","78,409",2.31,102971.52,324360.288
NK,Spirit Air Lines,2018,December,12,4,"35,891","71,861",2,108749.73,342561.6495
NK,Spirit Air Lines,2019,January,1,1,"35,863","71,242",1.99,108664.89,342294.4035
NK,Spirit Air Lines,2019,February,2,1,"33,591","71,408",2.13,101780.73,320609.2995
NK,Spirit Air Lines,2019,March,3,1,"40,375","86,986",2.15,122336.25,385359.1875
NK,Spirit Air Lines,2019,April,4,2,"38,671","85,020",2.2,117173.13,369095.3595
NK,Spirit Air Lines,2019,May,5,2,"42,123","94,758",2.25,127632.69,402042.9735
NK,Spirit Air Lines,2019,June,6,2,"41,652","85,227",2.05,126205.56,397547.514
NK,Spirit Air Lines,2019,July,7,3,"43,349","91,576",2.11,131347.47,413744.5305
NK,Spirit Air Lines,2019,August,8,3,"42,825","88,844",2.07,129759.75,408743.2125
NK,Spirit Air Lines,2019,September,9,3,"35,899","73,427",2.05,108773.97,342638.0055
NK,Spirit Air Lines,2019,October,10,4,"37,763","79,878",2.12,114421.89,360428.9535
NK,Spirit Air Lines,2019,November,11,4,"38,789","80,509",2.08,117530.67,370221.6105
NK,Spirit Air Lines,2019,December,12,4,"40,038","84,602",2.11,121315.14,382142.691
UA,United Air Lines,2010,January,1,1,"150,840","318,439",2.11,457045.2,1439692.38
UA,United Air Lines,2010,February,2,1,"132,847","277,446",2.09,402526.41,1267958.192
UA,United Air Lines,2010,March,3,1,"158,736","339,115",2.14,480970.08,1515055.752
UA,United Air Lines,2010,April,4,2,"155,224","347,198",2.24,470328.72,1481535.468
UA,United Air Lines,2010,May,5,2,"169,233","384,506",2.27,512775.99,1615244.369
UA,United Air Lines,2010,June,6,2,"170,942","371,902",2.18,517954.26,1631555.919
UA,United Air Lines,2010,July,7,3,"179,158","387,712",2.16,542848.74,1709973.531
UA,United Air Lines,2010,August,8,3,"177,446","383,844",2.16,537661.38,1693633.347
UA,United Air Lines,2010,September,9,3,"162,831","356,475",2.19,493377.93,1554140.48
UA,United Air Lines,2010,October,10,4,"167,022","377,249",2.26,506076.66,1594141.479
UA,United Air Lines,2010,November,11,4,"152,228","360,888",2.37,461250.84,1452940.146
UA,United Air Lines,2010,December,12,4,"157,421","390,729",2.48,476985.63,1502504.735
UA,United Air Lines,2011,January,1,1,"151,945","394,057",2.59,460393.35,1450239.053
UA,United Air Lines,2011,February,2,1,"135,990","370,658",2.73,412049.7,1297956.555
UA,United Air Lines,2011,March,3,1,"158,168","490,092",3.1,479249.04,1509634.476
UA,United Air Lines,2011,April,4,2,"156,979","512,507",3.26,475646.37,1498286.066
UA,United Air Lines,2011,May,5,2,"162,034","534,419",3.3,490963.02,1546533.513
UA,United Air Lines,2011,June,6,2,"167,656","507,522",3.03,507997.68,1600192.692
UA,United Air Lines,2011,July,7,3,"176,677","555,241",3.14,535331.31,1686293.627
UA,United Air Lines,2011,August,8,3,"173,370","544,007",3.14,525311.1,1654729.965
UA,United Air Lines,2011,September,9,3,"155,282","485,732",3.13,470504.46,1482089.049
UA,United Air Lines,2011,October,10,4,"157,864","481,714",3.05,478327.92,1506732.948
UA,United Air Lines,2011,November,11,4,"139,922","431,260",3.08,423963.66,1335485.529
UA,United Air Lines,2011,December,12,4,"147,367","459,617",3.12,446522.01,1406544.332
UA,United Air Lines,2012,January,1,1,"259,449","795,882",3.07,786130.47,2476310.981
UA,United Air Lines,2012,February,2,1,"248,130","780,385",3.15,751833.9,2368276.785
UA,United Air Lines,2012,March,3,1,"280,902","930,950",3.31,851133.06,2681069.139
UA,United Air Lines,2012,April,4,2,"269,085","888,045",3.3,815327.55,2568281.783
UA,United Air Lines,2012,May,5,2,"286,390","912,376",3.19,867761.7,2733449.355
UA,United Air Lines,2012,June,6,2,"291,939","853,840",2.92,884575.17,2786411.786
UA,United Air Lines,2012,July,7,3,"304,693","860,676",2.82,923219.79,2908142.339
UA,United Air Lines,2012,August,8,3,"298,745","905,586",3.03,905197.35,2851371.653
UA,United Air Lines,2012,September,9,3,"265,474","862,263",3.25,804386.22,2533816.593
UA,United Air Lines,2012,October,10,4,"263,099","849,876",3.23,797189.97,2511148.406
UA,United Air Lines,2012,November,11,4,"241,568","754,158",3.12,731951.04,2305645.776
UA,United Air Lines,2012,December,12,4,"257,339","789,201",3.07,779737.17,2456172.086
UA,United Air Lines,2013,January,1,1,"253,566","787,791",3.11,768304.98,2420160.687
UA,United Air Lines,2013,February,2,1,"226,843","733,540",3.23,687334.29,2165103.014
UA,United Air Lines,2013,March,3,1,"266,700","852,764",3.2,808101,2545518.15
UA,United Air Lines,2013,April,4,2,"262,757","784,225",2.98,796153.71,2507884.187
UA,United Air Lines,2013,May,5,2,"277,543","786,146",2.83,840955.29,2649009.164
UA,United Air Lines,2013,June,6,2,"284,796","801,098",2.81,862931.88,2718235.422
UA,United Air Lines,2013,July,7,3,"294,567","856,356",2.91,892538.01,2811494.732
UA,United Air Lines,2013,August,8,3,"292,745","872,728",2.98,887017.35,2794104.653
UA,United Air Lines,2013,September,9,3,"262,272","802,394",3.06,794684.16,2503255.104
UA,United Air Lines,2013,October,10,4,"268,679","801,471",2.98,814097.37,2564406.716
UA,United Air Lines,2013,November,11,4,"248,373","732,026",2.95,752570.19,2370596.099
UA,United Air Lines,2013,December,12,4,"257,601","770,831",2.99,780531.03,2458672.745
UA,United Air Lines,2014,January,1,1,"246,576","747,869",3.03,747125.28,2353444.632
UA,United Air Lines,2014,February,2,1,"225,968","680,980",3.01,684683.04,2156751.576
UA,United Air Lines,2014,March,3,1,"271,563","816,224",3.01,822835.89,2591933.054
UA,United Air Lines,2014,April,4,2,"256,079","762,266",2.98,775919.37,2444146.016
UA,United Air Lines,2014,May,5,2,"278,506","827,216",2.97,843873.18,2658200.517
UA,United Air Lines,2014,June,6,2,"285,323","842,080",2.95,864528.69,2723265.374
UA,United Air Lines,2014,July,7,3,"296,160","870,890",2.94,897364.8,2826699.12
UA,United Air Lines,2014,August,8,3,"288,381","841,512",2.92,873794.43,2752452.455
UA,United Air Lines,2014,September,9,3,"258,477","727,465",2.81,783185.31,2467033.727
UA,United Air Lines,2014,October,10,4,"267,043","710,896",2.66,809140.29,2548791.914
UA,United Air Lines,2014,November,11,4,"241,433","600,034",2.49,731541.99,2304357.269
UA,United Air Lines,2014,December,12,4,"255,982","571,002",2.23,775625.46,2443220.199
UA,United Air Lines,2015,January,1,1,"244,263","445,172",1.82,740116.89,2331368.204
UA,United Air Lines,2015,February,2,1,"220,812","378,918",1.72,669060.36,2107540.134
UA,United Air Lines,2015,March,3,1,"266,845","490,362",1.84,808540.35,2546902.103
UA,United Air Lines,2015,April,4,2,"259,652","455,857",1.76,786745.56,2478248.514
UA,United Air Lines,2015,May,5,2,"279,542","536,654",1.92,847012.26,2668088.619
UA,United Air Lines,2015,June,6,2,"289,144","549,648",1.9,876106.32,2759734.908
UA,United Air Lines,2015,July,7,3,"302,246","535,870",1.77,915805.38,2884786.947
UA,United Air Lines,2015,August,8,3,"294,612","466,182",1.58,892674.36,2811924.234
UA,United Air Lines,2015,September,9,3,"260,371","387,582",1.49,788924.13,2485111.01
UA,United Air Lines,2015,October,10,4,"269,235","401,141",1.49,815782.05,2569713.458
UA,United Air Lines,2015,November,11,4,"246,236","345,205",1.4,746095.08,2350199.502
UA,United Air Lines,2015,December,12,4,"262,330","349,939",1.33,794859.9,2503808.685
UA,United Air Lines,2016,January,1,1,"238,772","275,699",1.15,723479.16,2278959.354
UA,United Air Lines,2016,February,2,1,"227,342","240,320",1.06,688846.26,2169865.719
UA,United Air Lines,2016,March,3,1,"263,638","295,890",1.12,798823.14,2516292.891
UA,United Air Lines,2016,April,4,2,"255,793","305,499",1.19,775052.79,2441416.289
UA,United Air Lines,2016,May,5,2,"279,863","368,473",1.32,847984.89,2671152.404
UA,United Air Lines,2016,June,6,2,"292,031","419,743",1.44,884853.93,2787289.88
UA,United Air Lines,2016,July,7,3,"308,403","443,291",1.44,934461.09,2943552.434
UA,United Air Lines,2016,August,8,3,"302,741","409,930",1.35,917305.23,2889511.475
UA,United Air Lines,2016,September,9,3,"272,772","380,223",1.39,826499.16,2603472.354
UA,United Air Lines,2016,October,10,4,"276,721","406,106",1.47,838464.63,2641163.585
UA,United Air Lines,2016,November,11,4,"250,713","367,528",1.47,759660.39,2392930.229
UA,United Air Lines,2016,December,12,4,"271,428","411,647",1.52,822426.84,2590644.546
UA,United Air Lines,2017,January,1,1,"253,274","409,730",1.62,767420.22,2417373.693
UA,United Air Lines,2017,February,2,1,"228,765","372,731",1.63,693157.95,2183447.543
UA,United Air Lines,2017,March,3,1,"273,111","438,687",1.61,827526.33,2606707.94
UA,United Air Lines,2017,April,4,2,"267,597","425,294",1.59,810818.91,2554079.567
UA,United Air Lines,2017,May,5,2,"290,061","445,260",1.54,878884.83,2768487.215
UA,United Air Lines,2017,June,6,2,"305,311","450,277",1.47,925092.33,2914040.84
UA,United Air Lines,2017,July,7,3,"320,382","469,265",1.46,970757.46,3057885.999
UA,United Air Lines,2017,August,8,3,"309,523","490,161",1.58,937854.69,2954242.274
UA,United Air Lines,2017,September,9,3,"274,026","474,566",1.73,830298.78,2615441.157
UA,United Air Lines,2017,October,10,4,"280,856","494,543",1.76,850993.68,2680630.092
UA,United Air Lines,2017,November,11,4,"259,627","469,515",1.81,786669.81,2478009.902
UA,United Air Lines,2017,December,12,4,"273,222","512,556",1.88,827862.66,2607767.379
UA,United Air Lines,2018,January,1,1,"254,781","505,600",1.98,771986.43,2431757.255
UA,United Air Lines,2018,February,2,1,"234,320","473,014",2.02,709989.6,2236467.24
UA,United Air Lines,2018,March,3,1,"278,100","548,004",1.97,842643,2654325.45
UA,United Air Lines,2018,April,4,2,"277,021","567,162",2.05,839373.63,2644026.935
UA,United Air Lines,2018,May,5,2,"295,445","645,395",2.18,895198.35,2819874.803
UA,United Air Lines,2018,June,6,2,"310,146","684,459",2.21,939742.38,2960188.497
UA,United Air Lines,2018,July,7,3,"325,157","706,858",2.17,985225.71,3103460.987
UA,United Air Lines,2018,August,8,3,"317,525","691,160",2.18,962100.75,3030617.363
UA,United Air Lines,2018,September,9,3,"283,753","631,116",2.22,859771.59,2708280.509
UA,United Air Lines,2018,October,10,4,"294,658","683,937",2.32,892813.74,2812363.281
UA,United Air Lines,2018,November,11,4,"272,229","613,869",2.25,824853.87,2598289.691
UA,United Air Lines,2018,December,12,4,"287,442","566,889",1.97,870949.26,2743490.169
UA,United Air Lines,2019,January,1,1,"268,840","498,358",1.85,814585.2,2565943.38
UA,United Air Lines,2019,February,2,1,"243,621","470,782",1.93,738171.63,2325240.635
UA,United Air Lines,2019,March,3,1,"296,835","595,687",2.01,899410.05,2833141.658
UA,United Air Lines,2019,April,4,2,"288,151","589,803",2.05,873097.53,2750257.22
UA,United Air Lines,2019,May,5,2,"308,455","651,678",2.11,934618.65,2944048.748
UA,United Air Lines,2019,June,6,2,"319,404","626,521",1.96,967794.12,3048551.478
UA,United Air Lines,2019,July,7,3,"328,107","643,380",1.96,994164.21,3131617.262
UA,United Air Lines,2019,August,8,3,"323,291","623,762",1.93,979571.73,3085650.95
UA,United Air Lines,2019,September,9,3,"291,262","558,379",1.92,882523.86,2779950.159
UA,United Air Lines,2019,October,10,4,"300,879","593,124",1.97,911663.37,2871739.616
UA,United Air Lines,2019,November,11,4,"280,112","552,814",1.97,848739.36,2673528.984
UA,United Air Lines,2019,December,12,4,"299,522","590,879",1.97,907551.66,2858787.729
